model,generator,mixture,runs,dev_accuracy_mean,dev_accuracy_std,dev_balanced_accuracy_mean,dev_balanced_accuracy_std,dev_f1_mean,dev_f1_std,dev_far_mean,dev_far_std,dev_fn_mean,dev_fn_std,dev_fp_mean,dev_fp_std,dev_miss_rate_mean,dev_miss_rate_std,dev_pr_auc_mean,dev_pr_auc_std,dev_precision_mean,dev_precision_std,dev_recall_mean,dev_recall_std,dev_roc_auc_mean,dev_roc_auc_std,dev_round_mean,dev_round_std,dev_specificity_mean,dev_specificity_std,dev_tn_mean,dev_tn_std,dev_tp_mean,dev_tp_std,local_accuracy_mean,local_accuracy_std,local_balanced_accuracy_mean,local_balanced_accuracy_std,local_cluster_id_mean,local_cluster_id_std,local_f1_mean,local_f1_std,local_far_mean,local_far_std,local_miss_rate_mean,local_miss_rate_std,local_pr_auc_mean,local_pr_auc_std,local_precision_mean,local_precision_std,local_recall_mean,local_recall_std,local_roc_auc_mean,local_roc_auc_std,local_specificity_mean,local_specificity_std,local_train_examples_mean,local_train_examples_std,test_accuracy_mean,test_accuracy_std,test_balanced_accuracy_mean,test_balanced_accuracy_std,test_f1_mean,test_f1_std,test_far_mean,test_far_std,test_fn_mean,test_fn_std,test_fp_mean,test_fp_std,test_miss_rate_mean,test_miss_rate_std,test_pr_auc_mean,test_pr_auc_std,test_precision_mean,test_precision_std,test_recall_mean,test_recall_std,test_roc_auc_mean,test_roc_auc_std,test_round_mean,test_round_std,test_specificity_mean,test_specificity_std,test_tn_mean,test_tn_std,test_tp_mean,test_tp_std
class_prototype,crnngan_lite,25_synthetic_75_original,1,0.6157646453770996,0.0,0.6166647093561134,0.0,0.4799704399127634,0.0,0.3855956677218947,0.0,2980.7679739122973,0.0,7007.430069509997,0.0,0.3810749135658779,0.0,0.513883211258719,0.0,0.4420092877417414,0.0,0.6189250864341219,0.0,0.6774225606591934,0.0,,0.0,0.6144043322781051,0.0,11165.569930490004,0.0,4841.232026087703,0.0,0.687047827438165,0.0,0.6987137230113241,0.0,,0.0,0.5821706840283527,0.0,0.3412272414125588,0.0,0.2578153562685852,0.0,0.6632037023066673,0.0,0.5738381508510529,0.0,0.6765706387541557,0.0,0.7254889140594085,0.0,0.6587727585874413,0.0,,0.0,0.620233247991999,0.0,0.6273592999660637,0.0,0.5017869947130824,0.0,0.3915159189374081,0.0,2839.6755170342403,0.0,6954.888784004119,0.0,0.3537654811304648,0.0,0.5613429128588896,0.0,0.4636506457959009,0.0,0.6462345188695351,0.0,0.6997589037800606,0.0,,0.0,0.6084840810625917,0.0,10809.11121599588,0.0,5187.32448296576,0.0
class_prototype,crnngan_lite,50_synthetic_50_original,1,0.6171286074575658,0.0,0.619678593598971,0.0,0.4857305013072453,0.0,0.3867253180758257,0.0,2924.782643748589,0.0,7027.959205391983,0.0,0.3739174947262324,0.0,0.5639126172183501,0.0,0.4389879320219824,0.0,0.6260825052737677,0.0,0.6979975951603439,0.0,,0.0,0.6132746819241743,0.0,11145.040794608018,0.0,4897.217356251411,0.0,0.7656311432078242,0.0,0.7731814763806327,0.0,,0.0,0.6905661028066838,0.0,0.2587781423318092,0.0,0.1920326953859961,0.0,0.7789620852483586,0.0,0.6718760289636541,0.0,0.7668717087117387,0.0,0.8234896187849746,0.0,0.7412218576681908,0.0,,0.0,0.6227092513533543,0.0,0.6357525777943863,0.0,0.5149303753630984,0.0,0.3987960955383299,0.0,2646.4918572027477,0.0,7084.213841142894,0.0,0.3296987488728974,0.0,0.6151715797869453,0.0,0.4504054021755262,0.0,0.6703012511271024,0.0,0.722060155210822,0.0,,0.0,0.6012039044616699,0.0,10679.786158857109,0.0,5380.508142797253,0.0
class_prototype,crnngan_lite,70_synthetic_30_original,1,0.640643542690074,0.0,0.6593332194989531,0.0,0.5375260269523322,0.0,0.3876031295153266,0.0,2297.559435089491,0.0,7043.911672682031,0.0,0.2937304314867669,0.0,0.6276162354042877,0.0,0.4495700847546327,0.0,0.706269568513233,0.0,0.7438325435765595,0.0,,0.0,0.6123968704846733,0.0,11129.088327317968,0.0,5524.440564910508,0.0,0.8236369483605345,0.0,0.8292130339297747,0.0,,0.0,0.7676837511809967,0.0,0.2035015923250077,0.0,0.1380723398154427,0.0,0.8530717541268841,0.0,0.7295251463142312,0.0,0.8383815102233595,0.0,0.8862673497954726,0.0,0.7964984076749925,0.0,,0.0,0.6473895725763253,0.0,0.6757741660223655,0.0,0.5652315314197165,0.0,0.3994098793270046,0.0,1999.058437319077,0.0,7095.117096364913,0.0,0.2490417886282643,0.0,0.6684276441606896,0.0,0.4681070364425593,0.0,0.7509582113717359,0.0,0.7640010731113824,0.0,,0.0,0.6005901206729949,0.0,10668.882903635087,0.0,6027.941562680923,0.0
class_prototype,crnngan_lite,90_synthetic_10_original,1,0.6671519803336532,0.0,0.6868504230488445,0.0,0.5704649895575751,0.0,0.3626192917981657,0.0,2062.503881378622,0.0,6589.880389848067,0.0,0.2636798621041449,0.0,0.6620490966911174,0.0,0.4703693421466411,0.0,0.736320137895855,0.0,0.7629585149636152,0.0,,0.0,0.6373807082018341,0.0,11583.119610151933,0.0,5759.496118621379,0.0,0.8907488456098823,0.0,0.8949066429110867,0.0,,0.0,0.853209486480447,0.0,0.1209509441504027,0.0,0.088651033901112,0.0,0.9304419627379388,0.0,0.815434807225855,0.0,0.9038338936903888,0.0,0.9507843901358976,0.0,0.8790490558495971,0.0,,0.0,0.6560785040365362,0.0,0.694564089124631,0.0,0.5892951519587039,0.0,0.4073750836192382,0.0,1633.4683169815476,0.0,7236.61098541215,0.0,0.2034967381314996,0.0,0.7175327514637707,0.0,0.4718067434175761,0.0,0.7965032618685004,0.0,0.7875356062408886,0.0,,0.0,0.5926249163807616,0.0,10527.38901458785,0.0,6393.531683018453,0.0
class_prototype,doppelganger_lite,25_synthetic_75_original,1,0.6285968908562528,0.0,0.6201167925420502,0.0,0.4815438465141032,0.0,0.3585866993256252,0.0,3138.027735347121,0.0,6516.596086844589,0.0,0.4011797155902736,0.0,0.4866381751599877,0.0,0.4629989965550035,0.0,0.5988202844097262,0.0,0.6723473767127462,0.0,,0.0,0.6414133006743746,0.0,11656.403913155413,0.0,4683.972264652879,0.0,0.7125219329820792,0.0,0.7200248294878244,0.0,,0.0,0.6083780443309509,0.0,0.3393111130576962,0.0,0.2120383297552015,0.0,0.67744573152433,0.0,0.5713483327113381,0.0,0.7223476652675395,0.0,0.7440677510001745,0.0,0.6606888869423037,0.0,,0.0,0.637088042280127,0.0,0.6312672292789997,0.0,0.5034134123450765,0.0,0.3533148198005861,0.0,3083.5778426156353,0.0,6276.284458937613,0.0,0.3841507216414147,0.0,0.5534368502314289,0.0,0.4870048502350985,0.0,0.6158492783585854,0.0,0.6902216405593975,0.0,,0.0,0.6466851801994139,0.0,11487.715541062387,0.0,4943.422157384364,0.0
class_prototype,doppelganger_lite,50_synthetic_50_original,1,0.6958939640513668,0.0,0.6289813266767934,0.0,0.4663151816634892,0.0,0.2029775170530842,0.0,4216.5259870790205,0.0,3688.710417405699,0.0,0.539059829593329,0.0,0.5631164852451249,0.0,0.603784183848078,0.0,0.4609401704066709,0.0,0.7006721202445628,0.0,,0.0,0.7970224829469158,0.0,14484.2895825943,0.0,3605.47401292098,0.0,0.8147212040830861,0.0,0.8188533179111149,0.0,,0.0,0.7335531119368845,0.0,0.2040528500117906,0.0,0.1580947486846606,0.0,0.8071052563193079,0.0,0.7102976499458344,0.0,0.8008096554130746,0.0,0.8420011631500016,0.0,0.7959471499882096,0.0,,0.0,0.7073297945254194,0.0,0.6533097111791494,0.0,0.5145739002740386,0.0,0.2036039203722883,0.0,3931.437227901577,0.0,3616.82004149333,0.0,0.4897766572694128,0.0,0.6042793151545963,0.0,0.6247146490226476,0.0,0.5102233427305871,0.0,0.718379634417712,0.0,,0.0,0.7963960796277118,0.0,14147.17995850667,0.0,4095.562772098423,0.0
class_prototype,doppelganger_lite,70_synthetic_30_original,1,0.7294417548230266,0.0,0.6448247876904322,0.0,0.4893768162637312,0.0,0.1426722598787114,0.0,4440.3786045995985,0.0,2592.782978775822,0.0,0.567678164740424,0.0,0.6005995830997525,0.0,0.6795301104377968,0.0,0.4323218352595758,0.0,0.7218358750589376,0.0,,0.0,0.8573277401212887,0.0,15580.217021224178,0.0,3381.6213954004015,0.0,0.8717660005373391,0.0,0.8780110245984089,0.0,,0.0,0.8235421647954256,0.0,0.1409871738011756,0.0,0.1014501717848565,0.0,0.8853294358407251,0.0,0.7987688471826108,0.0,0.8750036782539461,0.0,0.9062739114289586,0.0,0.8590128261988248,0.0,,0.0,0.726298851864008,0.0,0.6584791020440421,0.0,0.5209684353881016,0.0,0.1618824910948364,0.0,4183.345739766694,0.0,2875.6805718086744,0.0,0.5211593048170792,0.0,0.6297260259961325,0.0,0.6457285579454128,0.0,0.4788406951829206,0.0,0.7317600310261326,0.0,,0.0,0.8381175089051635,0.0,14888.319428191326,0.0,3843.6542602333056,0.0
class_prototype,doppelganger_lite,90_synthetic_10_original,1,0.7794077281315631,0.0,0.6828789700183219,0.0,0.5485292840593259,0.0,0.0747033826863724,0.0,4376.711533660566,0.0,1357.584573559447,0.0,0.5595386772769837,0.0,0.6477243772071928,0.0,0.7794311119447922,0.0,0.4404613227230164,0.0,0.7624216129624068,0.0,,0.0,0.9252966173136278,0.0,16815.41542644055,0.0,3445.2884663394343,0.0,0.9383557190270329,0.0,0.94012021828311,0.0,,0.0,0.9147578347051298,0.0,0.0655762419248421,0.0,0.0539265911929688,0.0,0.958525573551644,0.0,0.9006809725224851,0.0,0.938558336398532,0.0,0.9667552489296476,0.0,0.9344237580751578,0.0,,0.0,0.7767763727447539,0.0,0.6959753024196761,0.0,0.575814956965307,0.0,0.090001856381384,0.0,4158.367593781145,0.0,1598.7929767589064,0.0,0.5180475387792632,0.0,0.6788755913379722,0.0,0.7520963411636679,0.0,0.4819524612207368,0.0,0.7595490268695259,0.0,,0.0,0.9099981436186158,0.0,16165.207023241092,0.0,3868.632406218855,0.0
class_prototype,rcgan_lite,25_synthetic_75_original,1,0.6373428314269455,0.0,0.6248511347958581,0.0,0.4844036605926846,0.0,0.3437778233796691,0.0,3179.7987127778256,0.0,6247.474384278727,0.0,0.4065199070286146,0.0,0.5333659273666826,0.0,0.4916319055133793,0.0,0.5934800929713853,0.0,0.6878244258681637,0.0,,0.0,0.6562221766203306,0.0,11925.525615721272,0.0,4642.201287222175,0.0,0.6792380824688183,0.0,0.6815671262913081,0.0,,0.0,0.5513246465842156,0.0,0.3195476739480568,0.0,0.3171857665462669,0.0,0.6458993386215067,0.0,0.581402907232068,0.0,0.6172002284764742,0.0,0.7068738826598526,0.0,0.6804523260519434,0.0,,0.0,0.6485833946366388,0.0,0.6420799758479624,0.0,0.5155208335424878,0.0,0.340694012651704,0.0,3011.297228181584,0.0,6052.088440744873,0.0,0.3751460356523714,0.0,0.590104884746498,0.0,0.5190973088935239,0.0,0.6248539643476286,0.0,0.715944003791093,0.0,,0.0,0.659305987348296,0.0,11711.911559255128,0.0,5015.702771818416,0.0
class_prototype,rcgan_lite,50_synthetic_50_original,1,0.70557669502735,0.0,0.6888547282952341,0.0,0.5698088333722451,0.0,0.2691505344618568,0.0,2762.261149988713,0.0,4891.272662775324,0.0,0.3531400089476749,0.0,0.6268385834348525,0.0,0.5496996126359985,0.0,0.6468599910523253,0.0,0.7597444019827989,0.0,,0.0,0.7308494655381431,0.0,13281.727337224676,0.0,5059.7388500112875,0.0,0.7444011722977124,0.0,0.7373365850339281,0.0,,0.0,0.6417160242811002,0.0,0.253985794227918,0.0,0.2650206566042338,0.0,0.7367414756746917,0.0,0.6326705436661609,0.0,0.6938837474935013,0.0,0.7905470057737868,0.0,0.7460142057720821,0.0,,0.0,0.7121204395911417,0.0,0.7116469706664885,0.0,0.6013546682951014,0.0,0.2870989226234647,0.0,2324.6764810216387,0.0,5100.025261483225,0.0,0.2896071360435578,0.0,0.6906716176238265,0.0,0.5566911327888044,0.0,0.710392863956442,0.0,0.7881078191478391,0.0,,0.0,0.7129010773765353,0.0,12663.974738516774,0.0,5702.323518978361,0.0
class_prototype,rcgan_lite,70_synthetic_30_original,1,0.7403796280926576,0.0,0.736590806295058,0.0,0.6273016443882464,0.0,0.2538941301720849,0.0,2134.813540114066,0.0,4614.0180276173,0.0,0.2729242572377994,0.0,0.7114000105672118,0.0,0.5741055713038475,0.0,0.7270757427622009,0.0,0.8121231132952866,0.0,,0.0,0.746105869827915,0.0,13558.9819723827,0.0,5687.186459885934,0.0,0.7940928907751594,0.0,0.7903352629360462,0.0,,0.0,0.7156149558058187,0.0,0.2004650509295152,0.0,0.2172948081626086,0.0,0.811393821886625,0.0,0.7013102586608426,0.0,0.7591590418761934,0.0,0.858325074240711,0.0,0.7995349490704847,0.0,,0.0,0.7177421594888815,0.0,0.7370885571103785,0.0,0.628608084611965,0.0,0.314155454500593,0.0,1699.0544708737266,0.0,5580.6574937485375,0.0,0.2116674312786503,0.0,0.7529961511858179,0.0,0.5416747228659823,0.0,0.7883325687213497,0.0,0.8364171705948891,0.0,,0.0,0.6858445454994068,0.0,12183.342506251463,0.0,6327.945529126273,0.0
class_prototype,rcgan_lite,90_synthetic_10_original,1,0.7534972932196546,0.0,0.7790549273855163,0.0,0.6724656117556013,0.0,0.285129277052854,0.0,1226.1835108735609,0.0,5181.654351881521,0.0,0.1567608681761136,0.0,0.8066909403175586,0.0,0.5662775935287067,0.0,0.8432391318238864,0.0,0.8748900777513374,0.0,,0.0,0.7148707229471453,0.0,12991.34564811848,0.0,6595.81648912644,0.0,0.8501461860584411,0.0,0.8497009640849668,0.0,,0.0,0.7970445048032938,0.0,0.1485340785297763,0.0,0.1501046796556474,0.0,0.8944283925295623,0.0,0.7640610788726993,0.0,0.8423802479358535,0.0,0.9273199272907804,0.0,0.8514659214702238,0.0,,0.0,0.7355011811256962,0.0,0.78124502464593,0.0,0.6778699713719303,0.0,0.3399195505035344,0.0,783.3581424423691,0.0,6038.330895144787,0.0,0.0975904002046055,0.0,0.8204367508195688,0.0,0.5493064897393471,0.0,0.9024095997953944,0.0,0.8917733902693586,0.0,,0.0,0.6600804494964652,0.0,11725.669104855211,0.0,7243.641857557631,0.0
class_prototype,timegan,25_synthetic_75_original,1,0.5749051985668748,0.0,0.5842974508413167,0.0,0.4475299362911974,0.0,0.4392897965622312,0.0,3067.1258903286707,0.0,7983.213472925427,0.0,0.3921153017551356,0.0,0.4788699929941389,0.0,0.4036208493242712,0.0,0.6078846982448645,0.0,0.6508610868017516,0.0,,0.0,0.5607102034377688,0.0,10189.786527074571,0.0,4754.874109671329,0.0,0.7545381606359703,0.0,0.7554712617416744,0.0,,0.0,0.6580214370981925,0.0,0.2713456228219623,0.0,0.2099428862859331,0.0,0.7239136347342803,0.0,0.665239796832145,0.0,0.7244431087368078,0.0,0.7643721436104676,0.0,0.7286543771780378,0.0,,0.0,0.5713560726313593,0.0,0.5906585725731927,0.0,0.4676552584657957,0.0,0.460469164512134,0.0,2875.3812923710634,0.0,8179.774238393547,0.0,0.3582136903414804,0.0,0.5326628473921623,0.0,0.4228936915505622,0.0,0.6417863096585193,0.0,0.6677608084089339,0.0,,0.0,0.5395308354878661,0.0,9584.225761606453,0.0,5151.618707628937,0.0
class_prototype,timegan,50_synthetic_50_original,1,0.5580395525067806,0.0,0.5935738523436137,0.0,0.4690470061122583,0.0,0.4956652669935009,0.0,2481.0369355133457,0.0,9007.724897072892,0.0,0.317187028319272,0.0,0.4903668103592046,0.0,0.3852231204887402,0.0,0.682812971680728,0.0,0.6575156126470652,0.0,,0.0,0.5043347330064991,0.0,9165.275102927108,0.0,5340.963064486655,0.0,0.8392175497630814,0.0,0.8522672200454763,0.0,,0.0,0.7859645748918186,0.0,0.1772415632512415,0.0,0.1168505618383088,0.0,0.8225884393883856,0.0,0.7889554659989931,0.0,0.8420538422594264,0.0,0.8507344612606581,0.0,0.8227584367487586,0.0,,0.0,0.5500965538174621,0.0,0.6016624439964076,0.0,0.493391621704095,0.0,0.5349233497393613,0.0,2101.081395723822,0.0,9502.378384770012,0.0,0.2617517622678239,0.0,0.5493857495474721,0.0,0.4046317204645912,0.0,0.738248237732176,0.0,0.6843129801946286,0.0,,0.0,0.4650766502606387,0.0,8261.621615229988,0.0,5925.918604276178,0.0
class_prototype,timegan,70_synthetic_30_original,1,0.532929487215893,0.0,0.5826246971835359,0.0,0.4689998371345871,0.0,0.5421774459049465,0.0,2288.5072553922714,0.0,9852.990724430594,0.0,0.2925731597279815,0.0,0.4598323223906276,0.0,0.3676971448945016,0.0,0.7074268402720185,0.0,0.6261523075568007,0.0,,0.0,0.4578225540950534,0.0,8320.009275569406,0.0,5533.492744607728,0.0,0.9077056868588982,0.0,0.9097729773107928,0.0,,0.0,0.875415649064777,0.0,0.1031141872729097,0.0,0.0736884224055155,0.0,0.8993910935765016,0.0,0.8754605003728253,0.0,0.9027654276332864,0.0,0.91456355139107,0.0,0.8968858127270903,0.0,,0.0,0.5293455822248644,0.0,0.6026913393472806,0.0,0.5036558806608524,0.0,0.5915841481688164,0.0,1629.7472807676672,0.0,10508.900808070854,0.0,0.2030331731366223,0.0,0.5178366671456629,0.0,0.3867556870795062,0.0,0.7969668268633777,0.0,0.6612869534992679,0.0,,0.0,0.4084158518311836,0.0,7255.099191929146,0.0,6397.252719232332,0.0
class_prototype,timegan,90_synthetic_10_original,1,0.5139289717318487,0.0,0.5952838535642088,0.0,0.4944710140989064,0.0,0.6090268558582813,0.0,1567.571328318043,0.0,11067.845051512548,0.0,0.2004054370133013,0.0,0.3950040024111571,0.0,0.36211064979511,0.0,0.7995945629866987,0.0,0.6057232801078805,0.0,,0.0,0.3909731441417186,0.0,7105.154948487451,0.0,6254.428671681957,0.0,0.9707543699815936,0.0,0.9723437439029692,0.0,,0.0,0.9605538392409132,0.0,0.033584892477405,0.0,0.0214964995193777,0.0,0.9682546954300942,0.0,0.9602040950593048,0.0,0.9709884280721232,0.0,0.9733300107127671,0.0,0.9664151075225949,0.0,,0.0,0.5118260613915868,0.0,0.6169459855533692,0.0,0.5296427875269087,0.0,0.6614917225760887,0.0,839.755090807944,0.0,11750.73895984164,0.0,0.1046163063171725,0.0,0.4377746165799049,0.0,0.3814974060000908,0.0,0.8953836936828277,0.0,0.6539828819166352,0.0,,0.0,0.3385082774239114,0.0,6013.261040158361,0.0,7187.244909192056,0.0
class_prototype,wavegan_lite,25_synthetic_75_original,1,0.6127994625374936,0.0,0.6196696104067413,0.0,0.4914402884885958,0.0,0.3975837461637443,0.0,2839.9885523041276,0.0,7225.289419033726,0.0,0.3630770330227726,0.0,0.532110583384811,0.0,0.4567475991776957,0.0,0.6369229669772272,0.0,0.6952787431240651,0.0,,0.0,0.6024162538362554,0.0,10947.710580966275,0.0,4982.011447695872,0.0,0.6623797695774415,0.0,0.6675490176477579,0.0,,0.0,0.5600985818701569,0.0,0.3664325805906259,0.0,0.2844788145918766,0.0,0.6504186975934967,0.0,0.5567582334275014,0.0,0.6499071804308643,0.0,0.711949014732915,0.0,0.6335674194093738,0.0,,0.0,0.6287320912655012,0.0,0.63727949362743,0.0,0.5218859432574913,0.0,0.3853605448152638,0.0,2729.825916073114,0.0,6845.544718098344,0.0,0.3400804679298759,0.0,0.5908438636798974,0.0,0.4940997950120942,0.0,0.659919532070124,0.0,0.7187432316508626,0.0,,0.0,0.6146394551847363,0.0,10918.455281901655,0.0,5297.174083926886,0.0
class_prototype,wavegan_lite,50_synthetic_50_original,1,0.6974687982022802,0.0,0.6897297044538051,0.0,0.578225942422203,0.0,0.2908347103861514,0.0,2578.959398884195,0.0,5285.339191847528,0.0,0.3297058807062382,0.0,0.6216678805034686,0.0,0.5522059157353988,0.0,0.6702941192937618,0.0,0.7597382197059931,0.0,,0.0,0.7091652896138487,0.0,12887.660808152472,0.0,5243.040601115805,0.0,0.7367992027840183,0.0,0.7391730176085008,0.0,,0.0,0.6480988765880656,0.0,0.2773855302305151,0.0,0.2408414062479638,0.0,0.7386972338820026,0.0,0.6298470531472109,0.0,0.7180629978497712,0.0,0.7927174396009301,0.0,0.7226144697694851,0.0,,0.0,0.678963733223444,0.0,0.6867257097552925,0.0,0.5759926917399072,0.0,0.3338339222394598,0.0,2349.620561772389,0.0,5930.225794661765,0.0,0.292714658249955,0.0,0.670255174005024,0.0,0.5183326388382687,0.0,0.707285341750045,0.0,0.7716041843038334,0.0,,0.0,0.6661660777605402,0.0,11833.774205338235,0.0,5677.379438227611,0.0
class_prototype,wavegan_lite,70_synthetic_30_original,1,0.7645192007632449,0.0,0.7276968950197227,0.0,0.6294636941587671,0.0,0.1798293499998057,0.0,2853.284598612976,0.0,3268.03877754647,0.0,0.3647768599607486,0.0,0.6951418161365184,0.0,0.6671238068160217,0.0,0.6352231400392513,0.0,0.7976978570990565,0.0,,0.0,0.8201706500001942,0.0,14904.96122245353,0.0,4968.715401387024,0.0,0.8044256628282024,0.0,0.7969731266363979,0.0,,0.0,0.7279465998294764,0.0,0.1814536028906489,0.0,0.2212480621785527,0.0,0.8228373482245688,0.0,0.7318830515957603,0.0,0.7552057878602495,0.0,0.8627460710644467,0.0,0.8185463971093511,0.0,,0.0,0.7591924495737488,0.0,0.7344218923284334,0.0,0.6403083602446045,0.0,0.1999667857126541,0.0,2658.4575516438576,0.0,3552.2099813995887,0.0,0.3311894296304793,0.0,0.7243879727915663,0.0,0.6486201200809211,0.0,0.6688105703695205,0.0,0.8112803941324331,0.0,,0.0,0.8000332142873459,0.0,14211.790018600412,0.0,5368.542448356143,0.0
class_prototype,wavegan_lite,90_synthetic_10_original,1,0.8048325806971551,0.0,0.7344297328440382,0.0,0.6386682420046067,0.0,0.0887639653549975,0.0,3460.269522381077,0.0,1613.1075423963705,0.0,0.4423765689569262,0.0,0.7150352143893114,0.0,0.7786955754029476,0.0,0.5576234310430739,0.0,0.8227685560800944,0.0,,0.0,0.9112360346450026,0.0,16559.89245760363,0.0,4361.730477618923,0.0,0.8928332515677089,0.0,0.8917472149758943,0.0,,0.0,0.8530735337018269,0.0,0.1098994824764129,0.0,0.1062532948730955,0.0,0.9271424130896168,0.0,0.8296521027322526,0.0,0.8862316327184053,0.0,0.9483958965288836,0.0,0.8901005175235871,0.0,,0.0,0.8225145874439578,0.0,0.7642064182777023,0.0,0.6884401920515628,0.0,0.0813490925606579,0.0,3132.440994985365,0.0,1445.0852802475276,0.0,0.3902380708839373,0.0,0.7672843270579882,0.0,0.8187544624061872,0.0,0.6097619291160625,0.0,0.8322435575868217,0.0,,0.0,0.918650907439342,0.0,16318.914719752473,0.0,4894.559005014635,0.0
fedavg,crnngan_lite,25_synthetic_75_original,1,0.3049817272552414,0.0,0.5022974627097108,0.0,0.4635210974849303,0.0,0.9932317173829308,0.0,17.0,0.0,18050.0,0.0,0.0021733571976476,0.0,0.5234830541376131,0.0,0.301875846064591,0.0,0.9978266428023524,0.0,0.7066220897498365,0.0,1.0,0.0,0.0067682826170692,0.0,123.0,0.0,7805.0,0.0,0.4799140908383281,0.0,0.580065230905613,0.0,0.0434782608695652,0.0,0.4575284363249604,0.0,0.7482136048010692,0.0,0.0570489969733263,0.0,0.6036825743411276,0.0,0.3428903730999294,0.0,0.7980234667947895,0.0,0.7204899908832471,0.0,0.2517863951989308,0.0,844.4202898550725,0.0,0.3211585436780272,0.0,0.5069665836201828,0.0,0.4781209013950161,0.0,0.9851947759513624,0.0,7.0,0.0,17501.0,0.0,0.000872056808272,0.0,0.5954890509938097,0.0,0.3142510089730026,0.0,0.999127943191728,0.0,0.7482377892480476,0.0,1.0,0.0,0.0148052240486376,0.0,263.0,0.0,8020.0,0.0
fedavg,crnngan_lite,50_synthetic_50_original,1,0.7255626081938834,0.0,0.5594159069731279,0.0,0.2376576191493909,0.0,0.0233313156881087,0.0,6710.0,0.0,424.0,0.0,0.8578368703656354,0.0,0.5319966258796038,0.0,0.7239583333333334,0.0,0.1421631296343646,0.0,0.7112629035718989,0.0,1.0,0.0,0.9766686843118912,0.0,17749.0,0.0,1112.0,0.0,0.770129971330236,0.0,0.6903605375202234,0.0,0.0434782608695652,0.0,0.3759521284742964,0.0,0.0702538678122992,0.0,0.549025057147254,0.0,0.6298703950926868,0.0,0.6086714030033905,0.0,0.3060474066208619,0.0,0.7188535718119126,0.0,0.9297461321877007,0.0,1348.2173913043478,0.0,0.7226939630103525,0.0,0.5625954316195899,0.0,0.2372013651877133,0.0,0.0133415897320423,0.0,6915.0,0.0,237.0,0.0,0.8614675470287779,0.0,0.6315266722372539,0.0,0.8243143068939955,0.0,0.1385324529712221,0.0,0.7365556482741049,0.0,1.0,0.0,0.9866584102679576,0.0,17527.0,0.0,1112.0,0.0
fedavg,crnngan_lite,70_synthetic_30_original,1,0.765647239853818,0.0,0.6723714763485911,0.0,0.5294299397497296,0.0,0.0933802894403785,0.0,4395.0,0.0,1697.0,0.0,0.5618767578624393,0.0,0.5213261258335743,0.0,0.6688134270101483,0.0,0.4381232421375607,0.0,0.6970333059756944,0.0,1.0,0.0,0.9066197105596214,0.0,16476.0,0.0,3427.0,0.0,0.7725674154604664,0.0,0.7107173976106457,0.0,0.0434782608695652,0.0,0.4441033130708124,0.0,0.1178007714847113,0.0,0.4607644332939973,0.0,0.6234004109896978,0.0,0.5520186749368472,0.0,0.3943080304741185,0.0,0.7201221278898816,0.0,0.8821992285152886,0.0,2353.072463768116,0.0,0.7885308828661161,0.0,0.7035989974109841,0.0,0.5848683209012027,0.0,0.0714366133753659,0.0,4185.0,0.0,1269.0,0.0,0.5213653918026661,0.0,0.5759681393149425,0.0,0.7517119937389943,0.0,0.478634608197334,0.0,0.729535990009175,0.0,1.0,0.0,0.928563386624634,0.0,16495.0,0.0,3842.0,0.0
fedavg,crnngan_lite,90_synthetic_10_original,1,0.3011348336218503,0.0,0.500165080063831,0.0,0.4626896572121499,0.0,0.999669839872338,0.0,0.0,0.0,18167.0,0.0,0.0,0.0,0.573438979311346,0.0,0.3009734887837162,0.0,1.0,0.0,0.7461456626074998,0.0,1.0,0.0,0.0003301601276619,0.0,6.0,0.0,7822.0,0.0,0.3838116464217079,0.0,0.4968534083835695,0.0,0.0434782608695652,0.0,0.4499592526019375,0.0,0.9134777173943252,0.0,0.0058620331285916,0.0,0.614721575752745,0.0,0.318993704685306,0.0,0.8492104306395242,0.0,0.7084170417956765,0.0,0.0865222826056747,0.0,7372.623188405797,0.0,0.3112326005195611,0.0,0.5,0.0,0.4747176060086344,0.0,1.0,0.0,0.0,0.0,17764.0,0.0,0.0,0.0,0.589546108712085,0.0,0.3112326005195611,0.0,1.0,0.0,0.7462534476428027,0.0,1.0,0.0,0.0,0.0,0.0,0.0,8027.0,0.0
fedavg,doppelganger_lite,25_synthetic_75_original,1,0.7557607232160031,0.0,0.6920975168865875,0.0,0.5673594548551959,0.0,0.1480217905684256,0.0,3659.0,0.0,2690.0,0.0,0.4677831756583994,0.0,0.5011416425782854,0.0,0.6074711805048884,0.0,0.5322168243416006,0.0,0.6998397479617298,0.0,1.0,0.0,0.8519782094315743,0.0,15483.0,0.0,4163.0,0.0,0.7546414072538148,0.0,0.7237658265359131,0.0,0.0434782608695652,0.0,0.4835581441002017,0.0,0.1871996183847286,0.0,0.365268728543445,0.0,0.6334637697699179,0.0,0.5147163858103704,0.0,0.4898037352246708,0.0,0.7294001815681499,0.0,0.8128003816152714,0.0,844.4202898550725,0.0,0.7853514791981699,0.0,0.7273761787753766,0.0,0.6246270680770274,0.0,0.1190610222922765,0.0,3421.0,0.0,2115.0,0.0,0.4261866201569702,0.0,0.5878100456206005,0.0,0.6853146853146853,0.0,0.5738133798430298,0.0,0.7399988342934132,0.0,1.0,0.0,0.8809389777077234,0.0,15649.0,0.0,4606.0,0.0
fedavg,doppelganger_lite,50_synthetic_50_original,1,0.3096749374879785,0.0,0.5053992281884431,0.0,0.4649831549446945,0.0,0.9861332746381996,0.0,24.0,0.0,17921.0,0.0,0.0030682689849143,0.0,0.5087146827849389,0.0,0.3031999688945915,0.0,0.9969317310150856,0.0,0.691310329935997,0.0,1.0,0.0,0.0138667253618004,0.0,252.0,0.0,7798.0,0.0,0.4467850102569344,0.0,0.545492157232845,0.0,0.0434782608695652,0.0,0.4605410335798608,0.0,0.7711495239182078,0.0,0.0637486942280146,0.0,0.6201689877843563,0.0,0.3516101431376741,0.0,0.7913237695401013,0.0,0.7153532321458811,0.0,0.2288504760817923,0.0,1348.2173913043478,0.0,0.3128223023535342,0.0,0.5005394461167103,0.0,0.4747340031415785,0.0,0.9966786759738796,0.0,18.0,0.0,17705.0,0.0,0.0022424317926996,0.0,0.5504242792482207,0.0,0.3114645718285759,0.0,0.9977575682073004,0.0,0.7104527378002866,0.0,1.0,0.0,0.0033213240261202,0.0,59.0,0.0,8009.0,0.0
fedavg,doppelganger_lite,70_synthetic_30_original,1,0.7568378534333525,0.0,0.6819088036270846,0.0,0.5499466002135991,0.0,0.1299180102349639,0.0,3960.0,0.0,2361.0,0.0,0.5062643825108668,0.0,0.4971869491827194,0.0,0.6206009963040334,0.0,0.4937356174891332,0.0,0.7174424808253941,0.0,1.0,0.0,0.870081989765036,0.0,15812.0,0.0,3862.0,0.0,0.7620063883039497,0.0,0.724488194857138,0.0,0.0434782608695652,0.0,0.4860546688452362,0.0,0.1713684155344159,0.0,0.379655194751308,0.0,0.6494708991345735,0.0,0.5286883742233147,0.0,0.4754172690168079,0.0,0.7381292132512002,0.0,0.8286315844655839,0.0,2353.072463768116,0.0,0.792718390136094,0.0,0.7299926367346055,0.0,0.6286984303375469,0.0,0.1038617428507093,0.0,3501.0,0.0,1845.0,0.0,0.4361529836800797,0.0,0.5793054350540536,0.0,0.710406529587192,0.0,0.5638470163199203,0.0,0.7420499049214867,0.0,1.0,0.0,0.8961382571492907,0.0,15919.0,0.0,4526.0,0.0
fedavg,doppelganger_lite,90_synthetic_10_original,1,0.5433737257164839,0.0,0.6221528384759321,0.0,0.5193942829378897,0.0,0.5756892092664943,0.0,1408.0,0.0,10462.0,0.0,0.1800051137816415,0.0,0.5479623386073748,0.0,0.3800663664375444,0.0,0.8199948862183585,0.0,0.7353765591909109,0.0,1.0,0.0,0.4243107907335057,0.0,7711.0,0.0,6414.0,0.0,0.5782993733229361,0.0,0.6588236696307892,0.0,0.0434782608695652,0.0,0.476101675467025,0.0,0.5839486911172649,0.0,0.0976865384785123,0.0,0.6364095841799438,0.0,0.3799308863570184,0.0,0.7573859252896036,0.0,0.7333141615440526,0.0,0.4160513088827352,0.0,7372.623188405797,0.0,0.5756271567601101,0.0,0.6380896780279415,0.0,0.5409939190605997,0.0,0.527358702994821,0.0,1577.0,0.0,9368.0,0.0,0.1964619409492961,0.0,0.596922622010548,0.0,0.4077633076242256,0.0,0.8035380590507039,0.0,0.7551062499966689,0.0,1.0,0.0,0.472641297005179,0.0,8396.0,0.0,6450.0,0.0
fedavg,rcgan_lite,25_synthetic_75_original,1,0.754529717253318,0.0,0.6261179292130552,0.0,0.4267361423052735,0.0,0.0513949265393715,0.0,5447.0,0.0,934.0,0.0,0.696369215034518,0.0,0.5199108232391049,0.0,0.7177394983378664,0.0,0.3036307849654819,0.0,0.7092538877776073,0.0,1.0,0.0,0.9486050734606284,0.0,17239.0,0.0,2375.0,0.0,0.7741673671954611,0.0,0.6908973136757648,0.0,0.0434782608695652,0.0,0.375665219452888,0.0,0.0674470734319997,0.0,0.5507582992164707,0.0,0.6253461664042943,0.0,0.5659293882902391,0.0,0.3043141645516453,0.0,0.7286202917520934,0.0,0.932552926568,0.0,844.4202898550725,0.0,0.7415765189407157,0.0,0.6125968945385769,0.0,0.3949160236041761,0.0,0.0457667192073857,0.0,5852.0,0.0,813.0,0.0,0.7290394917154603,0.0,0.5808035519749984,0.0,0.7279116465863453,0.0,0.2709605082845396,0.0,0.7394906522842981,0.0,1.0,0.0,0.9542332807926144,0.0,16951.0,0.0,2175.0,0.0
fedavg,rcgan_lite,50_synthetic_50_original,1,0.6463935372186959,0.0,0.6371787929649075,0.0,0.5110118097669964,0.0,0.3396797446761679,0.0,3019.0,0.0,6173.0,0.0,0.3859626693940168,0.0,0.4948323520227662,0.0,0.4375911078717201,0.0,0.6140373306059831,0.0,0.6979002858447201,0.0,1.0,0.0,0.6603202553238321,0.0,12000.0,0.0,4803.0,0.0,0.693932071646437,0.0,0.694662175542192,0.0,0.0434782608695652,0.0,0.4792441881734546,0.0,0.3248283077029284,0.0,0.2858473412126877,0.0,0.61287328601658,0.0,0.4425906795985764,0.0,0.5692251225554281,0.0,0.7107679373504872,0.0,0.6751716922970715,0.0,1348.2173913043478,0.0,0.6618200147338219,0.0,0.6563766282267287,0.0,0.5416228715577044,0.0,0.3292051339788336,0.0,2874.0,0.0,5848.0,0.0,0.358041609567709,0.0,0.5497932361498122,0.0,0.4684119625488592,0.0,0.641958390432291,0.0,0.7047720466449825,0.0,1.0,0.0,0.6707948660211664,0.0,11916.0,0.0,5153.0,0.0
fedavg,rcgan_lite,70_synthetic_30_original,1,0.3050971340642431,0.0,0.5028897277132874,0.0,0.4640080707376416,0.0,0.9938370109503109,0.0,3.0,0.0,18061.0,0.0,0.0003835336231142,0.0,0.4578131179356156,0.0,0.3021251931993817,0.0,0.9996164663768856,0.0,0.6851329862510804,0.0,1.0,0.0,0.006162989049689,0.0,112.0,0.0,7819.0,0.0,0.4906568669957928,0.0,0.5925890312594936,0.0,0.0434782608695652,0.0,0.4570580941996956,0.0,0.7513212321986686,0.0,0.0448900425682783,0.0,0.6260341352795169,0.0,0.3371318372984472,0.0,0.8101824211998375,0.0,0.7221226217052421,0.0,0.2486787678013313,0.0,2353.072463768116,0.0,0.3180179132255438,0.0,0.5048232635369028,0.0,0.4770936766061183,0.0,0.989979734294078,0.0,3.0,0.0,17586.0,0.0,0.0003737386321166,0.0,0.5541434840100183,0.0,0.3133151112846544,0.0,0.9996262613678834,0.0,0.7188053880694876,0.0,1.0,0.0,0.010020265705922,0.0,178.0,0.0,8024.0,0.0
fedavg,rcgan_lite,90_synthetic_10_original,1,0.6919407578380458,0.0,0.6494020022876525,0.0,0.51454898157129,0.0,0.2437682275903813,0.0,3578.0,0.0,4430.0,0.0,0.4574277678343135,0.0,0.5175388610851902,0.0,0.4892783029744063,0.0,0.5425722321656865,0.0,0.6784360898927568,0.0,1.0,0.0,0.7562317724096187,0.0,13743.0,0.0,4244.0,0.0,0.6303253456876537,0.0,0.6857403528385588,0.0,0.0434782608695652,0.0,0.4803329506844963,0.0,0.4567147209660929,0.0,0.1718045733567896,0.0,0.6140137214766379,0.0,0.4220264667933496,0.0,0.6832678904113263,0.0,0.7056789594580656,0.0,0.5432852790339071,0.0,7372.623188405797,0.0,0.7237020666123841,0.0,0.6764770123811197,0.0,0.5540117661784955,0.0,0.1984350371537941,0.0,3601.0,0.0,3525.0,0.0,0.4486109380839666,0.0,0.5960037575543071,0.0,0.5566595396805434,0.0,0.5513890619160334,0.0,0.7006859967963897,0.0,1.0,0.0,0.8015649628462058,0.0,14239.0,0.0,4426.0,0.0
fedavg,timegan,25_synthetic_75_original,1,0.5860742450471245,0.0,0.6095116633996535,0.0,0.4928355957767723,0.0,0.4493479337478677,0.0,2594.0,0.0,8166.0,0.0,0.3316287394528253,0.0,0.5339167541680084,0.0,0.3903240256831417,0.0,0.6683712605471747,0.0,0.7071393209188943,0.0,1.0,0.0,0.5506520662521323,0.0,10007.0,0.0,5228.0,0.0,0.6184725857375871,0.0,0.6714027240892896,0.0,0.0434782608695652,0.0,0.4796562858446744,0.0,0.5002047215487029,0.0,0.156989830272718,0.0,0.6309334684834843,0.0,0.406070346809287,0.0,0.698082633495398,0.0,0.7222600159995265,0.0,0.4997952784512972,0.0,844.4202898550725,0.0,0.5992788181923927,0.0,0.629583729838613,0.0,0.5244121301366711,0.0,0.4506867822562486,0.0,2329.0,0.0,8006.0,0.0,0.2901457580665255,0.0,0.5867976494237875,0.0,0.4157910099241097,0.0,0.7098542419334746,0.0,0.724284233573657,0.0,1.0,0.0,0.5493132177437514,0.0,9758.0,0.0,5698.0,0.0
fedavg,timegan,50_synthetic_50_original,1,0.6018465089440277,0.0,0.625998610924355,0.0,0.5092926227953727,0.0,0.4346558080669124,0.0,2451.0,0.0,7899.0,0.0,0.3133469700843774,0.0,0.477355565999454,0.0,0.4047475508666164,0.0,0.6866530299156226,0.0,0.6971119944208481,0.0,1.0,0.0,0.5653441919330875,0.0,10274.0,0.0,5371.0,0.0,0.6636242765008881,0.0,0.6988207933614313,0.0,0.0434782608695652,0.0,0.4953516961714502,0.0,0.4313243766463084,0.0,0.1710340366308289,0.0,0.6413866203176294,0.0,0.4176236845435807,0.0,0.684038427137287,0.0,0.7330993526460224,0.0,0.5686756233536917,0.0,1348.2173913043478,0.0,0.6426272730797565,0.0,0.6557938520766451,0.0,0.5460723959615859,0.0,0.3790812879981986,0.0,2483.0,0.0,6734.0,0.0,0.3093310078485112,0.0,0.6330560911831833,0.0,0.4515393386545039,0.0,0.6906689921514887,0.0,0.7390168727156969,0.0,1.0,0.0,0.6209187120018014,0.0,11030.0,0.0,5544.0,0.0
fedavg,timegan,70_synthetic_30_original,1,0.6301981150221196,0.0,0.6340061371851771,0.0,0.511559371983131,0.0,0.3755571452154295,0.0,2788.0,0.0,6825.0,0.0,0.3564305804142163,0.0,0.4657489165164921,0.0,0.4244877308373387,0.0,0.6435694195857837,0.0,0.6893976882290852,0.0,1.0,0.0,0.6244428547845705,0.0,11348.0,0.0,5034.0,0.0,0.6596389824565516,0.0,0.6927631972117588,0.0,0.0434782608695652,0.0,0.4887307976416968,0.0,0.4196752475157917,0.0,0.1946998451450828,0.0,0.6299198465928025,0.0,0.4219906612926799,0.0,0.6603726186230331,0.0,0.7169301047501612,0.0,0.5803247524842085,0.0,2353.072463768116,0.0,0.6575937342483812,0.0,0.6605127897130117,0.0,0.5484942992995552,0.0,0.3472190947984688,0.0,2663.0,0.0,6168.0,0.0,0.3317553257755076,0.0,0.5643524597773476,0.0,0.4651404786680541,0.0,0.6682446742244923,0.0,0.725827034529685,0.0,1.0,0.0,0.6527809052015312,0.0,11596.0,0.0,5364.0,0.0
fedavg,timegan,90_synthetic_10_original,1,0.7508366993652625,0.0,0.6636356941733463,0.0,0.5178292265316757,0.0,0.1173719253838111,0.0,4344.0,0.0,2133.0,0.0,0.5553566862694963,0.0,0.4632489688504514,0.0,0.6198538584922474,0.0,0.4446433137305037,0.0,0.6826603308638952,0.0,1.0,0.0,0.8826280746161889,0.0,16040.0,0.0,3478.0,0.0,0.7571446529392422,0.0,0.713971157779342,0.0,0.0434782608695652,0.0,0.4591104747685576,0.0,0.1591223785794154,0.0,0.4129353058619006,0.0,0.6304126835038167,0.0,0.5156876521643703,0.0,0.4421371579062153,0.0,0.7323045809531165,0.0,0.8408776214205845,0.0,7372.623188405797,0.0,0.7741847931448955,0.0,0.6955405404306064,0.0,0.5732082661585812,0.0,0.0961495158748029,0.0,4116.0,0.0,1708.0,0.0,0.512769403263984,0.0,0.5769065273021843,0.0,0.6960313222993415,0.0,0.4872305967360159,0.0,0.7329978868044063,0.0,1.0,0.0,0.903850484125197,0.0,16056.0,0.0,3911.0,0.0
fedavg,wavegan_lite,25_synthetic_75_original,1,0.7585304866320446,0.0,0.6315279418444307,0.0,0.4378973761977254,0.0,0.0495240191492874,0.0,5377.0,0.0,900.0,0.0,0.6874200971618512,0.0,0.5869681541849865,0.0,0.7309417040358744,0.0,0.3125799028381488,0.0,0.7284040299176908,0.0,1.0,0.0,0.9504759808507126,0.0,17273.0,0.0,2445.0,0.0,0.7658621498684279,0.0,0.6985798915215786,0.0,0.0434782608695652,0.0,0.4189025823954904,0.0,0.1119215749835938,0.0,0.4909186419732489,0.0,0.6146093759250344,0.0,0.5568628076797271,0.0,0.3641538217948669,0.0,0.7128466857527951,0.0,0.8880784250164062,0.0,844.4202898550725,0.0,0.7475863673374433,0.0,0.621739664828008,0.0,0.4156193895870736,0.0,0.0449223147939653,0.0,5712.0,0.0,798.0,0.0,0.7115983555500187,0.0,0.6097507930116817,0.0,0.7436556376485705,0.0,0.2884016444499813,0.0,0.7385873383814651,0.0,1.0,0.0,0.9550776852060346,0.0,16966.0,0.0,2315.0,0.0
fedavg,wavegan_lite,50_synthetic_50_original,1,0.3932679361415657,0.0,0.5585593000076272,0.0,0.491291446264998,0.0,0.8565454245308974,0.0,206.0,0.0,15566.0,0.0,0.0263359754538481,0.0,0.5213330431326546,0.0,0.3285307566215167,0.0,0.973664024546152,0.0,0.7160672884799653,0.0,1.0,0.0,0.1434545754691025,0.0,2607.0,0.0,7616.0,0.0,0.5026499028889692,0.0,0.5978945181392854,0.0,0.0434782608695652,0.0,0.4576744046021659,0.0,0.7011531275081391,0.0,0.0794886015853526,0.0,0.6091198854640113,0.0,0.355809547972106,0.0,0.7755838621827633,0.0,0.7073224122862762,0.0,0.2988468724918607,0.0,1348.2173913043478,0.0,0.3630336163778062,0.0,0.5307414086049989,0.0,0.4879052369077307,0.0,0.9134766944381896,0.0,201.0,0.0,16227.0,0.0,0.0250404883518126,0.0,0.5642052709930674,0.0,0.3253648193572527,0.0,0.9749595116481874,0.0,0.7340986491857712,0.0,1.0,0.0,0.0865233055618104,0.0,1537.0,0.0,7826.0,0.0
fedavg,wavegan_lite,70_synthetic_30_original,1,0.5724177726485863,0.0,0.6093563828981219,0.0,0.4970360649803158,0.0,0.4834094535849887,0.0,2330.0,0.0,8785.0,0.0,0.2978777806187676,0.0,0.4822392925493117,0.0,0.3846746515374378,0.0,0.7021222193812324,0.0,0.6975606286538104,0.0,1.0,0.0,0.5165905464150112,0.0,9388.0,0.0,5492.0,0.0,0.6153353160199114,0.0,0.669322130797393,0.0,0.0434782608695652,0.0,0.4794910230751323,0.0,0.5183808778477155,0.0,0.1429748605574984,0.0,0.6047010040029113,0.0,0.396161038767178,0.0,0.7120976032106174,0.0,0.7031181415519171,0.0,0.4816191221522844,0.0,2353.072463768116,0.0,0.6130433096816719,0.0,0.6357176944497751,0.0,0.5281323877068558,0.0,0.4243413645575321,0.0,2442.0,0.0,7538.0,0.0,0.3042232465429176,0.0,0.5447716636940931,0.0,0.4255886611293149,0.0,0.6957767534570823,0.0,0.7226029567458196,0.0,1.0,0.0,0.5756586354424679,0.0,10226.0,0.0,5585.0,0.0
fedavg,wavegan_lite,90_synthetic_10_original,1,0.3009040200038469,0.0,0.5,0.0,0.4626075642428364,0.0,1.0,0.0,0.0,0.0,18173.0,0.0,0.0,0.0,0.4603291503948703,0.0,0.3009040200038469,0.0,1.0,0.0,0.6779365056741857,0.0,1.0,0.0,0.0,0.0,0.0,0.0,7822.0,0.0,0.3418906618314101,0.0,0.456142131562015,0.0,0.0434782608695652,0.0,0.4494901427087484,0.0,0.9552544842086612,0.0,0.0059004617276337,0.0,0.6165471855256806,0.0,0.3190121038165553,0.0,0.8491720020404822,0.0,0.7132694661613135,0.0,0.0447455157913385,0.0,7372.623188405797,0.0,0.3112326005195611,0.0,0.5,0.0,0.4747176060086344,0.0,1.0,0.0,0.0,0.0,17764.0,0.0,0.0,0.0,0.6013809217525937,0.0,0.3112326005195611,0.0,1.0,0.0,0.7180315067305354,0.0,1.0,0.0,0.0,0.0,0.0,0.0,8027.0,0.0
soft_labels,crnngan_lite,25_synthetic_75_original,1,0.5983081980446072,0.0,0.6131762468722111,0.0,0.4825674047794477,0.0,0.4241626507486528,0.0,2733.6705397751653,0.0,7708.307852055264,0.0,0.3494848555069246,0.0,0.519722952614712,0.0,0.4272199634144518,0.0,0.6505151444930757,0.0,0.6817365836036051,0.0,,0.0,0.5758373492513472,0.0,10464.692147944736,0.0,5088.329460224835,0.0,0.6740808952829319,0.0,0.6904553658544543,0.0,,0.0,0.5876912533665867,0.0,0.3849918132922018,0.0,0.227398744284372,0.0,0.6728734053744879,0.0,0.5491960346020944,0.0,0.706987250738369,0.0,0.7319663713848812,0.0,0.6150081867077982,0.0,,0.0,0.6012817114734876,0.0,0.6223083060215477,0.0,0.5015882039475473,0.0,0.4333861481213116,0.0,2584.671844160302,0.0,7698.67153522698,0.0,0.3219972398355926,0.0,0.5738186057594128,0.0,0.4473491939814152,0.0,0.6780027601644072,0.0,0.7048434388257988,0.0,,0.0,0.5666138518786884,0.0,10065.32846477302,0.0,5442.3281558396975,0.0
soft_labels,crnngan_lite,50_synthetic_50_original,1,0.6327032984835419,0.0,0.6278268608580663,0.0,0.4986715389297114,0.0,0.3599266899028031,0.0,3006.930020316682,0.0,6540.947735603642,0.0,0.3844195883810639,0.0,0.5609691634198327,0.0,0.4492048335751407,0.0,0.615580411618936,0.0,0.6981371885570216,0.0,,0.0,0.6400733100971967,0.0,11632.052264396358,0.0,4815.069979683318,0.0,0.7713251851159699,0.0,0.7768865236452388,0.0,,0.0,0.6960161193416684,0.0,0.237237853389714,0.0,0.2030133410337398,0.0,0.7788030022051232,0.0,0.6872181179560775,0.0,0.7558910630639949,0.0,0.823433867585571,0.0,0.7627621466102861,0.0,,0.0,0.6407391120575715,0.0,0.6427817335080591,0.0,0.5267872545027485,0.0,0.3626286854946658,0.0,2823.9615917959304,0.0,6441.735969127242,0.0,0.3518078474892152,0.0,0.6071316122972201,0.0,0.4728490866186107,0.0,0.6481921525107847,0.0,0.7154114741029852,0.0,,0.0,0.637371314505334,0.0,11322.264030872757,0.0,5203.03840820407,0.0
soft_labels,crnngan_lite,70_synthetic_30_original,1,0.6711061049352793,0.0,0.6727977722509887,0.0,0.5514380702476722,0.0,0.3314505991017178,0.0,2526.145064731895,0.0,6023.451737475518,0.0,0.3229538563963047,0.0,0.6307604949346404,0.0,0.4878589105397192,0.0,0.6770461436036953,0.0,0.745911868640292,0.0,,0.0,0.6685494008982821,0.0,12149.548262524482,0.0,5295.854935268105,0.0,0.8181179430014415,0.0,0.8220990320184653,0.0,,0.0,0.7594802253246051,0.0,0.1944804935813715,0.0,0.1560139440925253,0.0,0.848986040874278,0.0,0.7296685605716776,0.0,0.8204399059462768,0.0,0.8848590346952482,0.0,0.8055195064186285,0.0,,0.0,0.6595621950562436,0.0,0.6762956021715969,0.0,0.5649187063646297,0.0,0.3680272182979602,0.0,2242.595921459455,0.0,6537.6355058449635,0.0,0.2793815773588457,0.0,0.6696085111185759,0.0,0.4820356999706673,0.0,0.7206184226411542,0.0,0.7635549039830253,0.0,,0.0,0.6319727817020399,0.0,11226.364494155036,0.0,5784.404078540545,0.0
soft_labels,crnngan_lite,90_synthetic_10_original,1,0.6622844999080756,0.0,0.6831508282433134,0.0,0.5662502005771809,0.0,0.3692518579777771,0.0,2068.500409859429,0.0,6710.414015030145,0.0,0.2644464855355956,0.0,0.662363764046837,0.0,0.4651044870462165,0.0,0.7355535144644042,0.0,0.7615733751269668,0.0,,0.0,0.6307481420222226,0.0,11462.585984969855,0.0,5753.499590140571,0.0,0.8895689649023873,0.0,0.8954092932696517,0.0,,0.0,0.8530276029502226,0.0,0.1275959473286755,0.0,0.0811070378305439,0.0,0.9315262720013462,0.0,0.8092820980145552,0.0,0.9113778897609568,0.0,0.9511598356495352,0.0,0.8724040526713248,0.0,,0.0,0.6405649270518675,0.0,0.6866288957395408,0.0,0.5818240189049342,0.0,0.4353836149335393,0.0,1536.0354307258935,0.0,7734.154535679394,0.0,0.1913585935873793,0.0,0.7207889025363364,0.0,0.45835194305944,0.0,0.8086414064126207,0.0,0.7871096244120449,0.0,,0.0,0.5646163850664606,0.0,10029.845464320606,0.0,6490.964569274107,0.0
soft_labels,doppelganger_lite,25_synthetic_75_original,1,0.6273402338741648,0.0,0.6230621524483078,0.0,0.4896246883214218,0.0,0.3661940810880509,0.0,3032.4455848279413,0.0,6654.845035613147,0.0,0.3876816140153339,0.0,0.4874042931311318,0.0,0.4723745386472069,0.0,0.6123183859846661,0.0,0.6719645862449807,0.0,,0.0,0.6338059189119493,0.0,11518.154964386851,0.0,4789.554415172059,0.0,0.6990678008826242,0.0,0.7154782917817595,0.0,,0.0,0.6060613557055696,0.0,0.3483475652632021,0.0,0.2099004670071474,0.0,0.6821132728068254,0.0,0.5915864301055607,0.0,0.7244855280155936,0.0,0.7441077052654326,0.0,0.6516524347367979,0.0,,0.0,0.6349498343700266,0.0,0.6339793344485056,0.0,0.5118509053679537,0.0,0.3634500417992141,0.0,2958.6822792413973,0.0,6456.326542521239,0.0,0.3685912893037744,0.0,0.5557649064917229,0.0,0.5037966479112956,0.0,0.6314087106962257,0.0,0.6906672448599425,0.0,,0.0,0.636549958200786,0.0,11307.67345747876,0.0,5068.317720758603,0.0
soft_labels,doppelganger_lite,50_synthetic_50_original,1,0.6911029412331781,0.0,0.621831705527194,0.0,0.4559613664655323,0.0,0.2042038686031259,0.0,4318.7821385189245,0.0,3710.996904124609,0.0,0.5521327203424857,0.0,0.5614254982796708,0.0,0.6141038504392451,0.0,0.4478672796575141,0.0,0.7005365955210838,0.0,,0.0,0.7957961313968741,0.0,14462.00309587539,0.0,3503.2178614810755,0.0,0.8089206305187008,0.0,0.8148865822797952,0.0,,0.0,0.732816249389396,0.0,0.2040770790405135,0.0,0.1639111766627279,0.0,0.8073338572475267,0.0,0.7177604453292745,0.0,0.7949932274350071,0.0,0.8411457657874334,0.0,0.7959229209594864,0.0,,0.0,0.7055622569777895,0.0,0.6496400152808617,0.0,0.5116230107053147,0.0,0.2022352506526428,0.0,4001.336837692283,0.0,3592.506992593548,0.0,0.4984847187856338,0.0,0.5977399088143133,0.0,0.6428425103490328,0.0,0.5015152812143662,0.0,0.7150794898182137,0.0,,0.0,0.7977647493473572,0.0,14171.493007406452,0.0,4025.663162307717,0.0
soft_labels,doppelganger_lite,70_synthetic_30_original,1,0.7281368276202442,0.0,0.6456945828248337,0.0,0.4904810385395434,0.0,0.147263957078877,0.0,4390.855274017319,0.0,2676.2278919944324,0.0,0.5613468772714549,0.0,0.6022075426633462,0.0,0.6722216747720623,0.0,0.4386531227285453,0.0,0.7196871093301799,0.0,,0.0,0.8527360429211231,0.0,15496.772108005567,0.0,3431.1447259826805,0.0,0.8703441633571336,0.0,0.8719746136006961,0.0,,0.0,0.817074564317627,0.0,0.1475850320230532,0.0,0.1075346700316081,0.0,0.8845178753710707,0.0,0.7944909944420177,0.0,0.868919180007194,0.0,0.9053771759790534,0.0,0.8524149679769469,0.0,,0.0,0.7309505547288633,0.0,0.6643300602281464,0.0,0.52949726053199,0.0,0.159208075371321,0.0,4110.881992091746,0.0,2828.1722508961457,0.0,0.5121318041723864,0.0,0.6301168390449238,0.0,0.6663945558803115,0.0,0.4878681958276137,0.0,0.7326956358118075,0.0,,0.0,0.840791924628679,0.0,14935.827749103855,0.0,3916.118007908254,0.0
soft_labels,doppelganger_lite,90_synthetic_10_original,1,0.7756565576159389,0.0,0.674990872972078,0.0,0.5336302431488805,0.0,0.0722022028353646,0.0,4519.677152646591,0.0,1312.130632127082,0.0,0.5778160512204794,0.0,0.6395291069968688,0.0,0.7917990217030805,0.0,0.4221839487795205,0.0,0.7579158285602335,0.0,,0.0,0.9277977971646356,0.0,16860.869367872918,0.0,3302.322847353409,0.0,0.9392187163465636,0.0,0.93987619699958,0.0,,0.0,0.91601981845219,0.0,0.065767369046678,0.0,0.0544262600210715,0.0,0.9596404066616552,0.0,0.9031045682186906,0.0,0.9380586675704292,0.0,0.967357594301582,0.0,0.9342326309533217,0.0,,0.0,0.7724258602126748,0.0,0.6889002924009583,0.0,0.5638301303456555,0.0,0.0898603197555595,0.0,4273.085919117141,0.0,1596.27872013776,0.0,0.5323390954425244,0.0,0.667693239919492,0.0,0.7544756743258529,0.0,0.4676609045574759,0.0,0.7583191757931852,0.0,,0.0,0.9101396802444404,0.0,16167.72127986224,0.0,3753.914080882859,0.0
soft_labels,rcgan_lite,25_synthetic_75_original,1,0.6432429508100554,0.0,0.6314965579931613,0.0,0.4952249387164658,0.0,0.33900412007899,0.0,3113.1776194971253,0.0,6160.721874195486,0.0,0.3980027639346875,0.0,0.5357030602374836,0.0,0.4966078847283919,0.0,0.6019972360653125,0.0,0.6936700424837238,0.0,,0.0,0.66099587992101,0.0,12012.278125804514,0.0,4708.822380502875,0.0,0.6949945006388202,0.0,0.6904309612570178,0.0,,0.0,0.5678512817263575,0.0,0.3114833942644045,0.0,0.3058049112807445,0.0,0.6568628407488462,0.0,0.5894045144453561,0.0,0.628581083741996,0.0,0.7123097708916356,0.0,0.6885166057355956,0.0,,0.0,0.649804233526049,0.0,0.6455857219820487,0.0,0.5209827251994644,0.0,0.3432404430347617,0.0,2934.575783060156,0.0,6097.32323006951,0.0,0.3655881130011408,0.0,0.5920605501494465,0.0,0.5050875086651593,0.0,0.6344118869988593,0.0,0.720970246575095,0.0,,0.0,0.6567595569652381,0.0,11666.67676993049,0.0,5092.424216939844,0.0
soft_labels,rcgan_lite,50_synthetic_50_original,1,0.706712290981471,0.0,0.6861094765595764,0.0,0.5721595669456176,0.0,0.2621496132967518,0.0,2859.9690734947917,0.0,4764.044922441872,0.0,0.3656314335840951,0.0,0.6274541044184304,0.0,0.5782595391489832,0.0,0.634368566415905,0.0,0.7593939072830411,0.0,,0.0,0.737850386703248,0.0,13408.955077558128,0.0,4962.030926505208,0.0,0.7360146234984092,0.0,0.7301375236377534,0.0,,0.0,0.6338727619026843,0.0,0.2568138570639864,0.0,0.2799841657615113,0.0,0.7274113214958227,0.0,0.641744439273179,0.0,0.6789202383362238,0.0,0.7837822890014992,0.0,0.7431861429360137,0.0,,0.0,0.7040193916809638,0.0,0.7025741288426698,0.0,0.5952527810886438,0.0,0.2935977132172625,0.0,2418.1660915648145,0.0,5215.469777591452,0.0,0.3012540290973982,0.0,0.6830632497575905,0.0,0.5663123768242927,0.0,0.6987459709026018,0.0,0.7844618583017087,0.0,,0.0,0.7064022867827374,0.0,12548.530222408548,0.0,5608.833908435186,0.0
soft_labels,rcgan_lite,70_synthetic_30_original,1,0.7513924859582587,0.0,0.7453805243606826,0.0,0.6403404895195834,0.0,0.2395213265011671,0.0,2109.7312610093495,0.0,4352.8210665057095,0.0,0.2697176247774673,0.0,0.7215919413801721,0.0,0.5921710418752048,0.0,0.7302823752225326,0.0,0.8170696154097583,0.0,,0.0,0.7604786734988328,0.0,13820.178933494291,0.0,5712.2687389906505,0.0,0.7973622694255519,0.0,0.7909923232049932,0.0,,0.0,0.714960380612574,0.0,0.1918936905551358,0.0,0.2250202571984645,0.0,0.8121003145595921,0.0,0.7073549415169469,0.0,0.7514335928403377,0.0,0.8562257708399315,0.0,0.8081063094448642,0.0,,0.0,0.7305394903938588,0.0,0.7415520548965454,0.0,0.637161923148209,0.0,0.2876176124639141,0.0,1840.4167354430224,0.0,5109.23926780897,0.0,0.2292782777429951,0.0,0.7531895478685223,0.0,0.5629851880594943,0.0,0.7707217222570047,0.0,0.840493964326552,0.0,,0.0,0.7123823875360858,0.0,12654.76073219103,0.0,6186.583264556978,0.0
soft_labels,rcgan_lite,90_synthetic_10_original,1,0.7924064837382918,0.0,0.7976799753497712,0.0,0.7028094409359646,0.0,0.2155636160366075,0.0,1478.9558609898352,0.0,3917.437594233268,0.0,0.18907643326385,0.0,0.8047819978617767,0.0,0.6248607441204191,0.0,0.81092356673615,0.0,0.8759546056437287,0.0,,0.0,0.7844363839633924,0.0,14255.562405766732,0.0,6343.044139010165,0.0,0.8579705879079469,0.0,0.8498994298759998,0.0,,0.0,0.8000005012177148,0.0,0.1250156306260057,0.0,0.1748835175339277,0.0,0.8955210403824608,0.0,0.7903171191482175,0.0,0.8176014100575733,0.0,0.9282067303128556,0.0,0.8749843693739943,0.0,,0.0,0.7502551485555009,0.0,0.7865485064103275,0.0,0.6855623504744034,0.0,0.3095839771507108,0.0,941.7196934998456,0.0,5499.449770105227,0.0,0.117319010028634,0.0,0.8218462528421893,0.0,0.564098671489574,0.0,0.8826809899713658,0.0,0.8921908168068836,0.0,,0.0,0.6904160228492892,0.0,12264.550229894774,0.0,7085.280306500154,0.0
soft_labels,timegan,25_synthetic_75_original,1,0.5641573976683956,0.0,0.5831715801442263,0.0,0.4500802301013664,0.0,0.4645797166830579,0.0,2886.9212563288424,0.0,8442.807191281216,0.0,0.3690771230284893,0.0,0.4806024163915515,0.0,0.3933570725020379,0.0,0.630922876971511,0.0,0.6515173174269067,0.0,,0.0,0.535420283316942,0.0,9730.192808718784,0.0,4935.078743671158,0.0,0.7380740997466245,0.0,0.7461696060897111,0.0,,0.0,0.657669207751743,0.0,0.2957264372113293,0.0,0.1996834530757756,0.0,0.7181535780548518,0.0,0.6526827144524151,0.0,0.7347025419469654,0.0,0.7610361972113139,0.0,0.7042735627886706,0.0,,0.0,0.5666529990499879,0.0,0.5949515554330709,0.0,0.4762237637807953,0.0,0.480004598174415,0.0,2649.650819531451,0.0,8526.801681970308,0.0,0.3300922909594433,0.0,0.5405406776920959,0.0,0.4147066341707474,0.0,0.6699077090405569,0.0,0.6734101348048839,0.0,,0.0,0.519995401825585,0.0,9237.198318029692,0.0,5377.349180468549,0.0
soft_labels,timegan,50_synthetic_50_original,1,0.5580176204120517,0.0,0.5976672894092383,0.0,0.4752325136547622,0.0,0.5019069686896762,0.0,2368.1766153912304,0.0,9121.155341997484,0.0,0.3027584524918474,0.0,0.4855062876837437,0.0,0.3876666008099907,0.0,0.6972415475081525,0.0,0.6585242634732117,0.0,,0.0,0.4980930313103237,0.0,9051.844658002516,0.0,5453.82338460877,0.0,0.8414718764758008,0.0,0.8477757606254269,0.0,,0.0,0.7890159361136128,0.0,0.1772498898691423,0.0,0.1204022249302937,0.0,0.8259436566611444,0.0,0.7858579627317543,0.0,0.8385021791674412,0.0,0.8522322788003532,0.0,0.8227501101308579,0.0,,0.0,0.5572579788421764,0.0,0.6132408368589823,0.0,0.5041871908421074,0.0,0.5350444554396149,0.0,1914.2297612521097,0.0,9504.529706429315,0.0,0.2384738708424205,0.0,0.5545018196210204,0.0,0.4080087433153182,0.0,0.7615261291575794,0.0,0.6909146402216928,0.0,,0.0,0.4649555445603852,0.0,8259.470293570685,0.0,6112.77023874789,0.0
soft_labels,timegan,70_synthetic_30_original,1,0.5311079197482577,0.0,0.5543018944804098,0.0,0.4329231647976003,0.0,0.5039463301512493,0.0,3030.632968305392,0.0,9158.216657838657,0.0,0.3874498808879304,0.0,0.4609952835192019,0.0,0.3465764903733323,0.0,0.6125501191120696,0.0,0.6204954345559816,0.0,,0.0,0.4960536698487507,0.0,9014.783342161343,0.0,4791.367031694608,0.0,0.9119799877234624,0.0,0.9143979184855858,0.0,,0.0,0.8787244745194402,0.0,0.1009291158954101,0.0,0.0689177477908636,0.0,0.9006631988948941,0.0,0.8744103974077662,0.0,0.9075361022479383,0.0,0.9157131849285004,0.0,0.8990708841045889,0.0,,0.0,0.5301688643336748,0.0,0.5761370211608208,0.0,0.4732024972597979,0.0,0.5456217066535898,0.0,2424.9908229758194,0.0,9692.42399699437,0.0,0.3021042510247687,0.0,0.5237725355823466,0.0,0.3714023139922293,0.0,0.6978957489752312,0.0,0.6551989013730647,0.0,,0.0,0.4543782933464103,0.0,8071.576003005629,0.0,5602.009177024181,0.0
soft_labels,timegan,90_synthetic_10_original,1,0.5186495902054722,0.0,0.6054734481608458,0.0,0.5037034250975976,0.0,0.6125717829810671,0.0,1380.4368904938167,0.0,11132.267012114931,0.0,0.1764813206972406,0.0,0.4046906134065999,0.0,0.3687095973346954,0.0,0.8235186793027595,0.0,0.6227269128713875,0.0,,0.0,0.3874282170189327,0.0,7040.732987885066,0.0,6441.5631095061835,0.0,0.9707006485133964,0.0,0.9717373105334396,0.0,,0.0,0.9597181505907182,0.0,0.0338520709037353,0.0,0.0225163391716781,0.0,0.9676959206808204,0.0,0.9600188484317088,0.0,0.9699685884198228,0.0,0.973032792881766,0.0,0.9661479290962648,0.0,,0.0,0.5018844874088336,0.0,0.6073159149177183,0.0,0.5218361726574476,0.0,0.6719468915813722,0.0,910.4326031872714,0.0,11936.464582051498,0.0,0.1134212785831906,0.0,0.457265002133825,0.0,0.37630214778952,0.0,0.8865787214168096,0.0,0.6730569371476871,0.0,,0.0,0.3280531084186275,0.0,5827.535417948501,0.0,7116.5673968127285,0.0
soft_labels,wavegan_lite,25_synthetic_75_original,1,0.622720794338474,0.0,0.6200886670700317,0.0,0.4774237267011177,0.0,0.3733011360076271,0.0,3023.371406504763,0.0,6784.001544666609,0.0,0.3865215298523092,0.0,0.5301767531128685,0.0,0.4488982678113677,0.0,0.6134784701476909,0.0,0.6960718815277201,0.0,,0.0,0.6266988639923727,0.0,11388.99845533339,0.0,4798.6285934952375,0.0,0.6830827886852306,0.0,0.6777905841559528,0.0,,0.0,0.5598091512308233,0.0,0.3408948951643082,0.0,0.2974223884333627,0.0,0.6501346798059537,0.0,0.5585015367757317,0.0,0.6369636065893782,0.0,0.7101006090735119,0.0,0.6591051048356915,0.0,,0.0,0.6387317457902619,0.0,0.6387368706695034,0.0,0.5086124435637402,0.0,0.3612767039182045,0.0,2899.7501759203637,0.0,6417.719368402986,0.0,0.3612495547427886,0.0,0.5876527791616732,0.0,0.4825358947301387,0.0,0.6387504452572115,0.0,0.7178866762972934,0.0,,0.0,0.6387232960817956,0.0,11346.280631597014,0.0,5127.249824079636,0.0
soft_labels,wavegan_lite,50_synthetic_50_original,1,0.6905530823590349,0.0,0.6806752571768312,0.0,0.5622295724834381,0.0,0.294518051140105,0.0,2691.7960807077516,0.0,5352.276543369129,0.0,0.3441314345062325,0.0,0.6285959522438593,0.0,0.5449909017430721,0.0,0.6558685654937674,0.0,0.7636847079113291,0.0,,0.0,0.7054819488598951,0.0,12820.72345663087,0.0,5130.203919292248,0.0,0.7464555997240699,0.0,0.7452175425605524,0.0,,0.0,0.6520432720418343,0.0,0.2645330040662989,0.0,0.2434607263222727,0.0,0.7431668587285827,0.0,0.6494624574012188,0.0,0.7154436777754624,0.0,0.7973556890630586,0.0,0.7354669959337015,0.0,,0.0,0.6811605465794583,0.0,0.6871405642007077,0.0,0.5751408071551201,0.0,0.3286990819397496,0.0,2384.1778515914734,0.0,5839.010491577714,0.0,0.2970197896588356,0.0,0.6748759704889276,0.0,0.528167143820412,0.0,0.7029802103411643,0.0,0.778528972835077,0.0,,0.0,0.6713009180602505,0.0,11924.989508422286,0.0,5642.822148408526,0.0
soft_labels,wavegan_lite,70_synthetic_30_original,1,0.754999134376668,0.0,0.7196369673868576,0.0,0.6153020495918002,0.0,0.1915561993699659,0.0,2887.646690728126,0.0,3481.150811150392,0.0,0.3691698658563189,0.0,0.6817865598519248,0.0,0.6383434618839426,0.0,0.6308301341436813,0.0,0.7951913762365574,0.0,,0.0,0.808443800630034,0.0,14691.849188849608,0.0,4934.3533092718735,0.0,0.8043537205142159,0.0,0.7999221834799972,0.0,,0.0,0.7287756148091159,0.0,0.1797406847472445,0.0,0.2180787193184835,0.0,0.822308972045757,0.0,0.7302295228622154,0.0,0.7583751307203186,0.0,0.8646907184305754,0.0,0.8202593152527554,0.0,,0.0,0.755711100702333,0.0,0.7323073758078495,0.0,0.6356755214127341,0.0,0.2057017164429851,0.0,2646.3697108929427,0.0,3654.0852908931897,0.0,0.329683531941316,0.0,0.7189857986783325,0.0,0.636991865820094,0.0,0.670316468058684,0.0,0.8055356092004999,0.0,,0.0,0.7942982835570149,0.0,14109.91470910681,0.0,5380.630289107057,0.0
soft_labels,wavegan_lite,90_synthetic_10_original,1,0.8043317670383282,0.0,0.7361542141717194,0.0,0.6409213011164032,0.0,0.0926279820636688,0.0,3403.067397795605,0.0,1683.328318043054,0.0,0.4350635895928925,0.0,0.7153340533490365,0.0,0.7673882803179632,0.0,0.5649364104071075,0.0,0.8117606531500282,0.0,,0.0,0.9073720179363312,0.0,16489.671681956945,0.0,4418.932602204395,0.0,0.8912715301508475,0.0,0.8921035865094916,0.0,,0.0,0.8511708569737603,0.0,0.113156004056889,0.0,0.101633782667012,0.0,0.9263518433579124,0.0,0.8228045384833605,0.0,0.890851144924489,0.0,0.9478586019618768,0.0,0.8868439959431108,0.0,,0.0,0.822360866058719,0.0,0.7661760916535905,0.0,0.6906114361313547,0.0,0.0850037874998785,0.0,3071.483622331737,0.0,1510.0072811478424,0.0,0.3826440291929409,0.0,0.7616674239661607,0.0,0.8071103302624535,0.0,0.6173559708070591,0.0,0.8267993385197986,0.0,,0.0,0.9149962125001214,0.0,16253.992718852158,0.0,4955.516377668264,0.0
