model,generator,mixture,seed,run_dir,dev_accuracy,dev_balanced_accuracy,dev_specificity,dev_precision,dev_recall,dev_f1,dev_roc_auc,dev_pr_auc,dev_far,dev_miss_rate,dev_tn,dev_fp,dev_fn,dev_tp,test_accuracy,test_balanced_accuracy,test_specificity,test_precision,test_recall,test_f1,test_roc_auc,test_pr_auc,test_far,test_miss_rate,test_tn,test_fp,test_fn,test_tp,local_accuracy,local_balanced_accuracy,local_specificity,local_precision,local_recall,local_f1,local_roc_auc,local_pr_auc,local_far,local_miss_rate
class_prototype,rcgan_lite,90_synthetic_10_original,1,gen_syntdata/experiments_gans/full_data_full_results/class_prototype/rcgan_lite/90_synthetic_10_original/seed_01/run_20260821_063455,0.4662572300691828,0.3968022369972521,0.5712281422146078,0.1770350128026389,0.2223763317798963,0.1960225691030165,0.3739622351306043,0.2421794155437604,0.4287718577853924,0.7776236682201034,10380.929028466064,7792.070971533935,6082.572332817651,1739.427667182349,0.4902607644343978,0.4186908575517539,0.6082625396314781,0.2018288988505811,0.2291191754720298,0.2131026496870047,0.3819865391027084,0.2665739503325107,0.3917374603685219,0.77088082452797,10805.175754013577,6958.824245986424,6187.860378486017,1839.1396215139837,0.5533223422406488,0.4828186480975702,0.7138784527546734,0.2980688917285302,0.2442437710319677,0.2645952797745765,0.4813262639469584,0.3490735072655948,0.2861215472453263,0.7482411565595334
class_prototype,rcgan_lite,90_synthetic_10_original,2,gen_syntdata/experiments_gans/full_data_full_results/class_prototype/rcgan_lite/90_synthetic_10_original/seed_02/run_20260821_090740,0.6857802737902576,0.5072478178565226,0.9556055796184232,0.2891871042725103,0.0588900560946218,0.0612777834895455,0.5804507594680395,0.3416178481430212,0.0443944203815767,0.9411099439053778,17366.220198405605,806.7798015943939,7361.361981227868,460.63801877213206,0.6721329059911957,0.5005457824794735,0.9550393125699348,0.0346302850972133,0.0460522523890126,0.0368630962746863,0.5451151091554697,0.3226643298910166,0.0449606874300654,0.9539477476109876,16965.318348492317,798.6816515076823,7657.338570073395,369.66142992660446,0.6500220795973964,0.5136903251939241,0.9632532053532344,0.0666436708902267,0.056222252354135,0.0493152976589388,0.4733404484647209,0.3336958157645458,0.0367467946467655,0.935872554965386
class_prototype,rcgan_lite,90_synthetic_10_original,3,gen_syntdata/experiments_gans/full_data_full_results/class_prototype/rcgan_lite/90_synthetic_10_original/seed_03/run_20260821_112318,0.5231745099247203,0.5548565531212439,0.4752918045081986,0.3418860216314255,0.6344213017342898,0.4430636301043568,0.5950279204758638,0.3766679117696782,0.5247081954918015,0.3655786982657103,8637.477963327492,9535.522036672508,2859.556577834387,4962.443422165613,0.5887524818708874,0.6030738158498538,0.5651400041366437,0.3983208416969676,0.6410076275630641,0.4905018758026243,0.6265366084912471,0.4189360044269116,0.4348599958633561,0.3589923724369358,10039.14703348334,7724.852966516662,2881.631773551283,5145.368226448717,0.5180952419593674,0.5564935421917792,0.4304343500873817,0.3915548810149871,0.6754070314325966,0.4927125361450206,0.591897082938547,0.4347210193355576,0.5695656499126187,0.3174472657038233
class_prototype,rcgan_lite,90_synthetic_10_original,4,gen_syntdata/experiments_gans/full_data_full_results/class_prototype/rcgan_lite/90_synthetic_10_original/seed_04/run_20260821_140430,0.3415721591884826,0.5061619266184764,0.0928191573843261,0.3069577802246125,0.9195046958526264,0.4547720174109445,0.5311569063128445,0.3241193948139875,0.907180842615674,0.0804953041473735,1686.8025471453593,16486.19745285464,629.634269040756,7192.3657309592445,0.337778305516285,0.4962263379875117,0.0765351389051041,0.3126406202520728,0.91591753706992,0.4611381689674646,0.5068927089358656,0.3352478587453925,0.923464861094896,0.0840824629300806,1359.5702075102697,16404.42979248973,674.9299299397576,7352.070070060242,0.3900408550037775,0.521760120146037,0.0878695679126292,0.3659368602075966,0.948972564634332,0.5204577660349762,0.5301335438395555,0.3900137333296797,0.912130432087371,0.0443493276205557
class_prototype,rcgan_lite,90_synthetic_10_original,5,gen_syntdata/experiments_gans/full_data_full_results/class_prototype/rcgan_lite/90_synthetic_10_original/seed_05/run_20260821_154129,0.6763724990766471,0.6280484352393064,0.7494071483541426,0.4663970498113092,0.5066897221244707,0.4833338434354412,0.604063760057962,0.4163571471036545,0.2505928516458573,0.4933102778755294,13618.976107039834,4554.0238929601655,3858.67299354239,3963.32700645761,0.6455009534250279,0.580276966177256,0.7530398146015437,0.4260545110199091,0.4075141177529682,0.4133188054080919,0.6200321175970864,0.4288265249092943,0.2469601853984564,0.5924858822470315,13376.99926658182,4387.00073341818,4755.884176796923,3271.1158232030766,0.6494205566925985,0.6131734794231817,0.7303791403247802,0.4904187327660642,0.4881453449413067,0.4872985169688498,0.5980302195789539,0.4542923990230862,0.26962085967522,0.5040321814784163
class_prototype,rcgan_lite,90_synthetic_10_original,6,gen_syntdata/experiments_gans/full_data_full_results/class_prototype/rcgan_lite/90_synthetic_10_original/seed_06/run_20260821_182025,0.6887631453204573,0.5055557911151906,0.9656538659452456,0.1918720281342897,0.0454577162851352,0.039057495173924,0.6547760694616351,0.4264587965222579,0.0343461340547543,0.9545422837148646,17548.827705822947,624.1722941770514,7466.429743217672,355.5702567823282,0.6799749766191252,0.5059553527789378,0.966891998405134,0.1505570853294671,0.045018707152742,0.0382970036227073,0.6352975163873595,0.4032226628708284,0.0331080015948659,0.954981292847258,17175.8694596688,588.1305403311992,7665.634837684939,361.3651623150608,0.6568650921451961,0.5175547445437433,0.9715559588480598,0.1919248816670848,0.0561392959292291,0.0533796393112796,0.6258155673199035,0.4408356584352468,0.0284440411519403,0.9364464697605728
class_prototype,rcgan_lite,90_synthetic_10_original,7,gen_syntdata/experiments_gans/full_data_full_results/class_prototype/rcgan_lite/90_synthetic_10_original/seed_07/run_20260821_214810,0.5400452188045407,0.5117600153421756,0.582794105188971,0.3111413826750179,0.4407259254953801,0.3635449643879784,0.4929444636297846,0.2956729948044242,0.4172058948110288,0.5592740745046197,10591.117273599171,7581.882726400829,4374.641810775136,3447.358189224864,0.546855514884155,0.4949035531407421,0.6325119587404513,0.3019710492716023,0.3572951475410326,0.3256484677808487,0.4607405902062702,0.2901573279484162,0.3674880412595483,0.6427048524589678,11235.94243506538,6528.057564934619,5158.991850688131,2868.0081493118687,0.5345742474045797,0.5022633195683082,0.6070508142606151,0.345402064893318,0.389879607098145,0.3648900894401828,0.4669330310282583,0.3313170291861889,0.3929491857393851,0.6025241751239988
class_prototype,rcgan_lite,90_synthetic_10_original,8,gen_syntdata/experiments_gans/full_data_full_results/class_prototype/rcgan_lite/90_synthetic_10_original/seed_08/run_20260822_001701,0.545078938003646,0.5649863385773606,0.5149918570863251,0.352323687214863,0.614980820068396,0.4463140759012174,0.5926107165919366,0.3738492643482687,0.4850081429136749,0.385019179931604,9358.947018829784,8814.052981170216,3011.620025425007,4810.379974574993,0.5540973485524053,0.5459130593505648,0.5675912972888076,0.3527803393998557,0.5242348214123218,0.4204897106386174,0.571961288305185,0.3494767287680567,0.4324087027111921,0.4757651785876782,10082.691805038385,7681.308194961618,3818.9670885232927,4208.032911476707,0.4931383171078682,0.5249149749279262,0.4195140080537179,0.3683955125677858,0.6220048243358596,0.4594617140783396,0.5279837327139368,0.3720964616611374,0.580485991946282,0.3696840581978658
class_prototype,rcgan_lite,90_synthetic_10_original,9,gen_syntdata/experiments_gans/full_data_full_results/class_prototype/rcgan_lite/90_synthetic_10_original/seed_09/run_20260822_023724,0.4011652371915931,0.4906698096837478,0.2658923619073433,0.2965216753206035,0.7154472574601528,0.4169274424486412,0.4920389623731473,0.2852993282838874,0.7341076380926564,0.2845527425398472,4832.06189294215,13340.93810705785,2225.7715521466857,5596.228447853314,0.4258753956884282,0.4857625058104429,0.3271357771304722,0.3030468036710837,0.6443892344904133,0.4101994692429974,0.46242059998442,0.2816870092485907,0.6728642228695279,0.3556107655095866,5811.239944945711,11952.76005505429,2854.4876147454524,5172.512385254548,0.419039794333586,0.4955484706618585,0.2434829278867858,0.3503865097543436,0.7395578141435394,0.4705259058542479,0.4551884032521563,0.3197847890451574,0.7565170721132138,0.2523859865630692
class_prototype,rcgan_lite,90_synthetic_10_original,10,gen_syntdata/experiments_gans/full_data_full_results/class_prototype/rcgan_lite/90_synthetic_10_original/seed_10/run_20260822_043816,0.6851313805734727,0.6034200919033292,0.808625864193966,0.4774965940059235,0.3982143196126929,0.4290218444872986,0.643683652126917,0.4219158421852256,0.1913741358060343,0.6017856803873074,14695.15782999694,3477.8421700030603,4707.167591989516,3114.832408010484,0.6619930838658389,0.5517805073704766,0.843707441784761,0.4302657144026363,0.2598535729561924,0.3133009120729427,0.656437436649918,0.4093426754045955,0.156292558215239,0.7401464270438073,14987.618995864494,2776.3810041355064,5941.155369880643,2085.8446301193567,0.6607830926287914,0.5892047990821686,0.8218511454824623,0.5071728165351371,0.3483521795815004,0.4056101110926168,0.6083931053954121,0.4412292794093047,0.1781488545175379,0.6434415473181255
class_prototype,wavegan_lite,90_synthetic_10_original,1,gen_syntdata/experiments_gans/full_data_full_results/class_prototype/wavegan_lite/90_synthetic_10_original/seed_01/run_20260822_063159,0.648596349437605,0.4882807471725732,0.8908895850509914,0.1963059078627267,0.085671909294155,0.0994150210398902,0.4241100226404282,0.2649614298192069,0.1091104149490084,0.9143280907058452,16190.136429131668,1982.863570868332,7151.8743255011195,670.1256744988805,0.6457637153228446,0.485515074071852,0.9099756580817474,0.1240951883910637,0.0610544900619567,0.0613638397568683,0.3611872057632758,0.2507632472632326,0.0900243419182526,0.9389455099380432,16164.80759016416,1599.19240983584,7536.915608272673,490.08439172732653,0.6398266404060792,0.5279685843236167,0.8954274074308578,0.3964336112368841,0.1529946888078754,0.1994816698066613,0.4776459852457127,0.3681145921121085,0.1045725925691417,0.8394902387836253
class_prototype,wavegan_lite,90_synthetic_10_original,2,gen_syntdata/experiments_gans/full_data_full_results/class_prototype/wavegan_lite/90_synthetic_10_original/seed_02/run_20260822_083623,0.3258758051546681,0.5076504587646387,0.0511503988099301,0.3072969653595182,0.9641505187193472,0.4604008888328977,0.4054357252385553,0.2521436774780628,0.9488496011900702,0.0358494812806532,929.5561975728604,17243.44380242714,280.4146425772696,7541.58535742273,0.3362956894210586,0.5089057372556385,0.0517027236270416,0.3186714946589537,0.9661087508842354,0.4735273001094053,0.3525529752261822,0.2465062708474995,0.9482972763729584,0.0338912491157648,918.4471825107678,16845.55281748923,272.04505665224417,7754.954943347756,0.3810025816668402,0.520976569074863,0.0581899760898014,0.3671851683317709,0.975857969379446,0.5242414169212902,0.3732838154214859,0.2900776579595855,0.9418100239101984,0.0162368379400753
class_prototype,wavegan_lite,90_synthetic_10_original,3,gen_syntdata/experiments_gans/full_data_full_results/class_prototype/wavegan_lite/90_synthetic_10_original/seed_03/run_20260822_105039,0.3255628411801781,0.5074323789560294,0.0506940315032943,0.3064498584157337,0.9641707264087644,0.4604003774052544,0.3919877874808906,0.2471321892034211,0.9493059684967058,0.0358292735912354,921.2626345093684,17251.737365490633,280.2565780306435,7541.743421969357,0.3357187921854458,0.5082139941685847,0.05131517991911,0.3175087248284854,0.9651128084180596,0.4730198882858745,0.3534603760346185,0.2467545775560022,0.94868482008089,0.0348871915819407,911.5628560830714,16852.43714391693,280.0394868282382,7746.960513171762,0.3796090319987747,0.5210914557998213,0.0597030518127034,0.3651566828023968,0.9753341569233592,0.5229222277798201,0.3932971485623791,0.2955584739212545,0.9402969481872966,0.0175201402130607
class_prototype,wavegan_lite,90_synthetic_10_original,4,gen_syntdata/experiments_gans/full_data_full_results/class_prototype/wavegan_lite/90_synthetic_10_original/seed_04/run_20260822_125713,0.4742240339223268,0.5468878760622211,0.3644034227314751,0.3313375438303055,0.7293723293929668,0.4534274249396988,0.5421489088785124,0.3164110105917623,0.6355965772685248,0.2706276706070334,6622.303401299099,11550.6965987009,2116.8496394882145,5705.150360511785,0.4673073005824853,0.5316429362650312,0.361233120111335,0.333050969673047,0.7020527524187273,0.4495704748121408,0.5381555055157389,0.3214923158346733,0.638766879888665,0.2979472475812726,6416.945145657757,11347.054854342245,2391.6225563348753,5635.377443665125,0.4586681746051878,0.5400430781548486,0.2710300233479273,0.376696717354503,0.8023780252166568,0.5079417036960463,0.5971951841574973,0.4196100746459376,0.7289699766520727,0.1909438670382301
class_prototype,wavegan_lite,90_synthetic_10_original,5,gen_syntdata/experiments_gans/full_data_full_results/class_prototype/wavegan_lite/90_synthetic_10_original/seed_05/run_20260822_200700,0.324716154900856,0.5070373605932121,0.0491647162136542,0.3054379173896111,0.9649100049727704,0.4599012863845821,0.4629853868700063,0.2687396240572881,0.950835283786346,0.0350899950272296,893.4703877507397,17279.529612249262,274.47394110299035,7547.5260588970095,0.3346883408084191,0.5075147292971159,0.0497386806669446,0.3159811697920242,0.9652907779272876,0.4719418963358823,0.4436140695309005,0.2716861275181322,0.9502613193330558,0.0347092220727127,883.5579233676053,16880.442076632396,278.6109255776649,7748.389074422335,0.3807370003306832,0.5204273330496905,0.0578597849771767,0.3662880386671985,0.9751724075419284,0.5239555358114941,0.4445649315032218,0.3141517180312188,0.9421402150228232,0.017005118877795
class_prototype,wavegan_lite,90_synthetic_10_original,6,gen_syntdata/experiments_gans/full_data_full_results/class_prototype/wavegan_lite/90_synthetic_10_original/seed_06/run_20260822_223424,0.3257354314169684,0.5071176691356758,0.0516031034417531,0.3064068972475509,0.962632234829598,0.4599338997108672,0.4380755823305842,0.261144827676225,0.948396896558247,0.0373677651704019,937.7831988469796,17235.21680115302,292.29065916288374,7529.7093408371165,0.3355904782479111,0.5075752376726386,0.0520284645060424,0.3171626958762487,0.963122010839235,0.4721234487254919,0.3899396534401834,0.2565829592098299,0.947971535493958,0.0368779891607649,924.2336434853372,16839.76635651466,296.0196189934603,7730.98038100654,0.3795998312113627,0.5201863150277353,0.059921337315988,0.3652644055851343,0.9730370584292848,0.5220818295067011,0.4011193385735478,0.299041070884189,0.940078662684012,0.0195487072605175
class_prototype,wavegan_lite,90_synthetic_10_original,7,gen_syntdata/experiments_gans/full_data_full_results/class_prototype/wavegan_lite/90_synthetic_10_original/seed_07/run_20260823_104719,0.3251319591281983,0.5071439793462833,0.0500478083899389,0.3062797666020259,0.9642401503026282,0.4600640137102486,0.4051275183693688,0.2500797073903563,0.9499521916100612,0.0357598496973721,909.5188218703604,17263.48117812964,279.71354433284495,7542.286455667155,0.3354747624664196,0.5080472830105035,0.0509436702599162,0.3175178095769946,0.9651508957610908,0.4727057014999354,0.3708728341372984,0.2517196972795012,0.9490563297400836,0.0348491042389096,904.9633584971532,16859.036641502847,279.7337597257281,7747.266240274272,0.3804010847967215,0.5201078853320452,0.058584394076168,0.3662409878505147,0.9740351588100664,0.5234263966383539,0.3773498740180257,0.2907478296863821,0.9414156059238322,0.0183686234120773
class_prototype,wavegan_lite,90_synthetic_10_original,8,gen_syntdata/experiments_gans/full_data_full_results/class_prototype/wavegan_lite/90_synthetic_10_original/seed_08/run_20260823_124029,0.3318584206860726,0.5079907298075291,0.065660580487438,0.3067619680007736,0.95032087912762,0.458840544425065,0.5019438550027062,0.2874238541037996,0.934339419512562,0.0496791208723799,1193.2497291982113,16979.75027080179,388.59008346375566,7433.409916536244,0.3495661452736678,0.5142470712714973,0.0780464178453888,0.3203333254845896,0.9504477246976056,0.474089809091624,0.4727383454477891,0.2876746396162674,0.9219535821546112,0.0495522753023943,1386.416566605487,16377.583433394511,397.7561138523195,7629.24388614768,0.3869092363841612,0.5253276618183644,0.0716685227880831,0.3668232004373248,0.9706756833823712,0.5237406353895194,0.5406319629411119,0.3657059720326407,0.9283314772119168,0.0210131991513543
class_prototype,wavegan_lite,90_synthetic_10_original,9,gen_syntdata/experiments_gans/full_data_full_results/class_prototype/wavegan_lite/90_synthetic_10_original/seed_09/run_20260823_145328,0.3416161209686091,0.5137253982954635,0.0814984961496248,0.3091086442608329,0.945952300441302,0.4612969063901731,0.5113104450967834,0.2931972794259354,0.9185015038503752,0.0540476995586982,1481.072170527133,16691.92782947287,422.7611059481376,7399.238894051862,0.3778908909760508,0.5379458936611589,0.1139982122139341,0.3309028871448884,0.9618935751083842,0.4877449068387917,0.4840806591212858,0.2964365558064701,0.8860017877860658,0.0381064248916159,2025.064241768325,15738.935758231675,305.88027260500115,7721.119727394999,0.3932631786720246,0.5285287903199464,0.0869488208917134,0.3695141183235099,0.9620525604547876,0.525181145272647,0.4990336252337177,0.3454257182562699,0.9130511791082868,0.0298912402518205
class_prototype,wavegan_lite,90_synthetic_10_original,10,gen_syntdata/experiments_gans/full_data_full_results/class_prototype/wavegan_lite/90_synthetic_10_original/seed_10/run_20260823_165807,0.3351360124045106,0.5085804816437645,0.0730004432055066,0.3059948114902195,0.9441605200820224,0.4584445716210598,0.4890254493874838,0.2859124748326344,0.9269995567944934,0.0558394799179774,1326.637054373671,16846.36294562633,436.77641191841985,7385.22358808158,0.3495784191961279,0.5024526684257086,0.0975250971121509,0.3137345202149249,0.907380239739266,0.4626721161110957,0.4488779408371667,0.2808739441362692,0.902474902887849,0.0926197602607338,1732.4358251002488,16031.564174899751,743.4588156129103,7283.54118438709,0.3775359442071531,0.5123496195027069,0.0693908077364058,0.3601462656284818,0.9471021581686336,0.5149046738024219,0.4392754969420886,0.322543251283212,0.9306091922635944,0.0446915687309922
soft_labels,rcgan_lite,90_synthetic_10_original,1,gen_syntdata/experiments_gans/full_data_full_results/soft_labels/rcgan_lite/90_synthetic_10_original/seed_01/run_20260819_131201,0.8000329724665556,0.801921169740782,0.7971792425701203,0.6287526710662076,0.8066630969114437,0.705981237462922,0.8856341358592223,0.7768904397894192,0.2028207574298795,0.1933369030885563,14487.1383752268,3685.861624773201,1512.2812559586878,6309.718744041313,0.8047522874365017,0.8187204677397897,0.7817220762226802,0.635674041030239,0.855718859256899,0.7285536122093798,0.910352375328073,0.8396388823336188,0.2182779237773197,0.1442811407431008,13886.510962019693,3877.489037980307,1158.144716744871,6868.8552832551295,0.9188857405185452,0.9196862872381748,0.916353599787344,0.852117889416173,0.9155039022805064,0.8816524444649038,0.9651818207935648,0.9456335808702168,0.0836464002126558,0.0769810253109943
soft_labels,rcgan_lite,90_synthetic_10_original,2,gen_syntdata/experiments_gans/full_data_full_results/soft_labels/rcgan_lite/90_synthetic_10_original/seed_02/run_20260819_220356,0.8232137556141201,0.807062046147244,0.847624666917357,0.6847013919512865,0.7664994253771306,0.7223025847884251,0.8956066201649369,0.8107231184973545,0.1523753330826426,0.2335005746228692,15403.883071889137,2769.116928110865,1826.441494700084,5995.558505299916,0.8094665868589023,0.8046016692874431,0.8174876802852351,0.6602596548098313,0.7917156582896511,0.719377224189775,0.9002065235067738,0.8254584723279283,0.1825123197147651,0.2082843417103487,14521.851152586913,3242.148847413087,1671.8984109089697,6355.10158909103,0.9205264763875328,0.9155082625251162,0.9326426382237322,0.875655143996712,0.8904686941460204,0.881540366382687,0.9634976837431324,0.9442761251988602,0.0673573617762677,0.1016261131735003
soft_labels,rcgan_lite,90_synthetic_10_original,3,gen_syntdata/experiments_gans/full_data_full_results/soft_labels/rcgan_lite/90_synthetic_10_original/seed_03/run_20260820_021103,0.7978248668320347,0.7933299828291721,0.8046182167828392,0.6314673628784634,0.7820417488755054,0.6979937674541273,0.8847035042258552,0.7611549412509949,0.1953817832171607,0.2179582511244947,14622.326853594535,3550.6731464054624,1704.869440295798,6117.130559704202,0.8105573135590745,0.8098500509901941,0.8117234215267031,0.6579516099393593,0.8079766804536852,0.7246719322843085,0.903275217869254,0.8415225428492771,0.1882765784732969,0.1920233195463148,14419.454860000353,3344.545139999647,1541.371185998269,6485.628814001731,0.924265910497454,0.9196740332388202,0.9343913004072262,0.8774171885709974,0.897811063206834,0.8863837910180684,0.966243432550051,0.9468910496579044,0.0656086995927737,0.0950432339295859
soft_labels,rcgan_lite,90_synthetic_10_original,4,gen_syntdata/experiments_gans/full_data_full_results/soft_labels/rcgan_lite/90_synthetic_10_original/seed_04/run_20260820_053139,0.8090494292414536,0.7919124614700732,0.8349494122204385,0.6614591849610683,0.7488755107197076,0.7013052846202145,0.8817098375348333,0.7877712001865949,0.1650505877795613,0.2511244892802926,15173.535668282031,2999.4643317179684,1964.295755150449,5857.704244849551,0.8193135611392076,0.8207637561921466,0.81692253398712,0.6686093377427008,0.8246049783971726,0.7374325611410345,0.9081629671105788,0.8451196414003269,0.1830774660128799,0.1753950216028271,14511.811893747205,3252.188106252798,1407.8958384058938,6619.104161594106,0.9204842905828956,0.91697369354267,0.9283030486020936,0.870555295543402,0.8989662307381339,0.8832773347718209,0.9642938770397016,0.9454643961485064,0.0716969513979063,0.0943556615167535
soft_labels,rcgan_lite,90_synthetic_10_original,5,gen_syntdata/experiments_gans/full_data_full_results/soft_labels/rcgan_lite/90_synthetic_10_original/seed_05/run_20260820_091441,0.802404992328748,0.8000185567182636,0.8060117355120554,0.6368698936206658,0.7940253779244718,0.7058778686200026,0.8902574461419159,0.8066156314297303,0.1939882644879445,0.2059746220755282,14647.651269460584,3525.3487305394156,1611.1334938747816,6210.866506125219,0.8066688973471031,0.8119083969790291,0.7980302070840917,0.6461586565316794,0.8257865868739663,0.7241317110729709,0.9077060028235632,0.8508068936548554,0.2019697929159083,0.1742134131260336,14176.208598641804,3587.7914013581963,1398.4110671626718,6628.588932837329,0.9204718187849278,0.9161149580565624,0.930186567479366,0.8715679927513577,0.8942208750534819,0.8815595386830243,0.9641702830643616,0.9458259845292076,0.069813432520634,0.0979566513662412
soft_labels,rcgan_lite,90_synthetic_10_original,6,gen_syntdata/experiments_gans/full_data_full_results/soft_labels/rcgan_lite/90_synthetic_10_original/seed_06/run_20260820_114842,0.8104542954775905,0.8048605851479733,0.8189083583117648,0.6514182225143288,0.7908128119841817,0.7136394212514112,0.8908341681970867,0.8030004571664796,0.1810916416882354,0.2091871880158183,14882.021595599696,3290.9784044003018,1636.2621846597317,6185.737815340269,0.8163517278378338,0.8125826929321712,0.8225659710724544,0.6693005567571876,0.8025994147918881,0.7291789928168895,0.907155735060054,0.8475348021666893,0.1774340289275452,0.1974005852081117,14612.061910131088,3151.9380898689124,1584.5344974655122,6442.465502534487,0.9200658768614284,0.9156559918717202,0.9292224796337124,0.869415828558501,0.8946752697995303,0.8806701123639283,0.9639250204858988,0.94495806101455,0.0707775203662873,0.0979104958902722
soft_labels,rcgan_lite,90_synthetic_10_original,7,gen_syntdata/experiments_gans/full_data_full_results/soft_labels/rcgan_lite/90_synthetic_10_original/seed_07/run_20260820_151438,0.8114690579621879,0.8072816661083848,0.8177976791737511,0.6509850871698263,0.796765653043019,0.7159774739347462,0.8885529108267687,0.7902298292868752,0.1822023208262493,0.2032343469569809,14861.83722362457,3311.162776375429,1589.699061897505,6232.300938102495,0.8093026780338368,0.8166974280305151,0.7971104918936843,0.6471352179437019,0.8362843641673455,0.729161166112962,0.9090312189022524,0.8486719050667092,0.2028895081063157,0.1637156358326541,14159.870777999407,3604.129222000592,1314.1454088287153,6712.8545911712845,0.9209597164739244,0.9175140910482348,0.9289998902580994,0.8695293773417787,0.8984320740605133,0.8823582624597917,0.9640142847725393,0.9456329677559808,0.0710001097419004,0.0939717081616302
soft_labels,rcgan_lite,90_synthetic_10_original,8,gen_syntdata/experiments_gans/full_data_full_results/soft_labels/rcgan_lite/90_synthetic_10_original/seed_08/run_20260820_181326,0.8253586076025622,0.8119275489179545,0.8456576591011622,0.6839441275585079,0.7781974387347468,0.7269722528016561,0.8868784691011626,0.7786172901057508,0.1543423408988382,0.2218025612652531,15368.136638845415,2804.863361154585,1734.93963421681,6087.06036578319,0.8109774174471311,0.8095440426551342,0.8133407119845366,0.6583413310455172,0.8057473733257311,0.7237682112858839,0.9050203587068608,0.8416046607650789,0.1866592880154628,0.1942526266742689,14448.184407693318,3315.815592306683,1559.265834314357,6467.734165685642,0.9207620669504184,0.9170454440193432,0.9288336876661348,0.8679195400111939,0.8969460829062774,0.880976741732691,0.9626760269653464,0.9439793665780783,0.0711663123338653,0.0947427996274477
soft_labels,rcgan_lite,90_synthetic_10_original,9,gen_syntdata/experiments_gans/full_data_full_results/soft_labels/rcgan_lite/90_synthetic_10_original/seed_09/run_20260821_012936,0.8337806930878181,0.8106235816292706,0.8687792296212464,0.7138074250486499,0.7524679336372949,0.7314846023927392,0.8928814330295347,0.8107303286851061,0.1312207703787536,0.247532066362705,15788.32493990691,2384.6750600930905,1936.1958230890789,5885.804176910921,0.8236008994919531,0.8193212959325427,0.8306569491522978,0.6808634098712918,0.807985642712788,0.7383115302084089,0.9096901309154168,0.8490974089256271,0.1693430508477025,0.1920143572872121,14755.790044741414,3008.2099552585864,1541.2992459444515,6485.700754055549,0.9202343362549714,0.9135442337369156,0.935115183883618,0.8776734217696722,0.8839170842968214,0.8796251316997161,0.9627110175002328,0.9431928094364208,0.0648848161163818,0.1080267164097871
soft_labels,rcgan_lite,90_synthetic_10_original,10,gen_syntdata/experiments_gans/full_data_full_results/soft_labels/rcgan_lite/90_synthetic_10_original/seed_10/run_20260821_040150,0.8184485434023421,0.8018141689864473,0.843588931129349,0.6767750290679966,0.7600394068435454,0.7150681917540873,0.887605364789931,0.757883543068803,0.1564110688706505,0.2399605931564545,15330.541645413668,2842.4583545863316,1876.9717596697872,5945.028240330213,0.8280534576632779,0.8202120312223594,0.840982107153109,0.6928301306847754,0.7994419552916101,0.7415712416043752,0.9119109192707412,0.8514736850751787,0.1590178928468909,0.2005580447083902,14939.20615146783,2824.7938485321697,1609.8794248742477,6417.120575125752,0.9201789132670646,0.9131649746003954,0.9365540024467852,0.8789538875011317,0.8815696736536323,0.879019887644114,0.9634098188260608,0.9440015364994316,0.063445997553215,0.1102240532459938
