round,metric,value
1,cluster_id,0.6592969696969697
1,num_examples,716.3061818181818
1,participating_clients,69.0
1,total_examples,41250.0
1,val_accuracy,0.8724207082912957
1,val_balanced_accuracy,0.8879994956333317
1,val_f1,0.7046345626601074
1,val_far,0.16503435553683618
1,val_miss_rate,0.05896665319650066
1,val_pr_auc,0.8742904166516761
1,val_precision,0.6440216796473412
1,val_recall,0.8087424377125899
1,val_roc_auc,0.9420405078305675
1,val_specificity,0.8349656444631639
2,cluster_id,0.6592969696969697
2,num_examples,716.3061818181818
2,participating_clients,69.0
2,total_examples,41250.0
2,val_accuracy,0.9113336265496744
2,val_balanced_accuracy,0.9154633991524704
2,val_f1,0.7398777930627227
2,val_far,0.0940487397001298
2,val_miss_rate,0.07502446199492945
2,val_pr_auc,0.9034365122723581
2,val_precision,0.7096421706201871
2,val_recall,0.7926846289141611
2,val_roc_auc,0.9590942294921572
2,val_specificity,0.9059512602998704
3,cluster_id,0.6592969696969697
3,num_examples,716.3061818181818
3,participating_clients,69.0
3,total_examples,41250.0
3,val_accuracy,0.9225036200831302
3,val_balanced_accuracy,0.9216439443094339
3,val_f1,0.7511895020533305
3,val_far,0.07450383207687798
3,val_miss_rate,0.08220827930425423
3,val_pr_auc,0.9058781125526353
3,val_precision,0.7315662837511148
3,val_recall,0.7855008116048368
3,val_roc_auc,0.9623124125178709
3,val_specificity,0.9254961679231221
4,cluster_id,0.6592969696969697
4,num_examples,716.3061818181818
4,participating_clients,69.0
4,total_examples,41250.0
4,val_accuracy,0.92581081670996
4,val_balanced_accuracy,0.9243580428118486
4,val_f1,0.7547272283584656
4,val_far,0.06978161450256617
4,val_miss_rate,0.08150229987373717
4,val_pr_auc,0.908482698305265
4,val_precision,0.7370523121839346
4,val_recall,0.7862067910353541
4,val_roc_auc,0.9637570397316325
4,val_specificity,0.9302183854974341
5,cluster_id,0.6592969696969697
5,num_examples,716.3061818181818
5,participating_clients,69.0
5,total_examples,41250.0
5,val_accuracy,0.9271153246711101
5,val_balanced_accuracy,0.9259065417977377
5,val_f1,0.7560384175129221
5,val_far,0.06859716935681903
5,val_miss_rate,0.0795631193959531
5,val_pr_auc,0.9068558500427508
5,val_precision,0.7380499469371062
5,val_recall,0.7881459715131375
5,val_roc_auc,0.9644783352842154
5,val_specificity,0.9314028306431809
6,cluster_id,0.6592969696969697
6,num_examples,716.3061818181818
6,participating_clients,69.0
6,total_examples,41250.0
6,val_accuracy,0.9278777656181474
6,val_balanced_accuracy,0.9264438909161711
6,val_f1,0.7573761844432773
6,val_far,0.06859691053011403
6,val_miss_rate,0.07809410816987011
6,val_pr_auc,0.9081546789932242
6,val_precision,0.7388604584103989
6,val_recall,0.7896149827392207
6,val_roc_auc,0.9649612123896533
6,val_specificity,0.931403089469886
7,cluster_id,0.6592969696969697
7,num_examples,716.3061818181818
7,participating_clients,69.0
7,total_examples,41250.0
7,val_accuracy,0.9286536115886955
7,val_balanced_accuracy,0.9275081756040408
7,val_f1,0.7587900303057887
7,val_far,0.06846993372724765
7,val_miss_rate,0.07549499395297983
7,val_pr_auc,0.9085127462772039
7,val_precision,0.7394030971304426
7,val_recall,0.7922140969561111
7,val_roc_auc,0.9654177705896915
7,val_specificity,0.9315300662727523
8,cluster_id,0.6592969696969697
8,num_examples,716.3061818181818
8,participating_clients,69.0
8,total_examples,41250.0
8,val_accuracy,0.9287439294272972
8,val_balanced_accuracy,0.9278942462238378
8,val_f1,0.7594204434560506
8,val_far,0.06961620118221215
8,val_miss_rate,0.07326721472659428
8,val_pr_auc,0.9098075021086055
8,val_precision,0.7387707547746978
8,val_recall,0.7944418761824965
8,val_roc_auc,0.9660443083119987
8,val_specificity,0.9303837988177877
9,cluster_id,0.6592969696969697
9,num_examples,716.3061818181818
9,participating_clients,69.0
9,total_examples,41250.0
9,val_accuracy,0.9284709000931697
9,val_balanced_accuracy,0.9274507728129574
9,val_f1,0.7588841635442286
9,val_far,0.06979030985228228
9,val_miss_rate,0.07361680005478913
9,val_pr_auc,0.9066221253399013
9,val_precision,0.7382637445882516
9,val_recall,0.7940922908543018
9,val_roc_auc,0.9654961197372562
9,val_specificity,0.9302096901477178
10,cluster_id,0.6592969696969697
10,num_examples,716.3061818181818
10,participating_clients,69.0
10,total_examples,41250.0
10,val_accuracy,0.9293945047286533
10,val_balanced_accuracy,0.9275076372010445
10,val_f1,0.7605962480345505
10,val_far,0.06934056430213813
10,val_miss_rate,0.07318565939171452
10,val_pr_auc,0.9092036095030045
10,val_precision,0.7398993982434103
10,val_recall,0.7945234315173764
10,val_roc_auc,0.9663635437830871
10,val_specificity,0.9306594356978619
11,cluster_id,0.6592969696969697
11,num_examples,716.3061818181818
11,participating_clients,69.0
11,total_examples,41250.0
11,val_accuracy,0.9298749328828511
11,val_balanced_accuracy,0.9288232675368187
11,val_f1,0.7619218753674669
11,val_far,0.0678357709507628
11,val_miss_rate,0.07190706165076059
11,val_pr_auc,0.908223225648986
11,val_precision,0.7423857219230369
11,val_recall,0.7958020292583302
11,val_roc_auc,0.9666785080863626
11,val_specificity,0.9321642290492375
12,cluster_id,0.6592969696969697
12,num_examples,716.3061818181818
12,participating_clients,69.0
12,total_examples,41250.0
12,val_accuracy,0.9303758474665618
12,val_balanced_accuracy,0.9282057667407858
12,val_f1,0.7623326058764148
12,val_far,0.06753112643643593
12,val_miss_rate,0.07306385596336962
12,val_pr_auc,0.9111773308105979
12,val_precision,0.7427739659559071
12,val_recall,0.794645234945721
12,val_roc_auc,0.9671353920865093
12,val_specificity,0.9324688735635639
13,cluster_id,0.6592969696969697
13,num_examples,716.3061818181818
13,participating_clients,69.0
13,total_examples,41250.0
13,val_accuracy,0.9302979373783105
13,val_balanced_accuracy,0.9287663704727396
13,val_f1,0.7623267187535698
13,val_far,0.06880587256505585
13,val_miss_rate,0.07046532314649201
13,val_pr_auc,0.9089927766036259
13,val_precision,0.7411249365474339
13,val_recall,0.7972437677625989
13,val_roc_auc,0.9673171956192309
13,val_specificity,0.931194127434944
14,cluster_id,0.6592969696969697
14,num_examples,716.3061818181818
14,participating_clients,69.0
14,total_examples,41250.0
14,val_accuracy,0.9305064439833481
14,val_balanced_accuracy,0.9283985170273417
14,val_f1,0.7626911370662122
14,val_far,0.06913562697687234
14,val_miss_rate,0.0704455679469627
14,val_pr_auc,0.9115845014107711
14,val_precision,0.7409755436165496
14,val_recall,0.797263522962128
14,val_roc_auc,0.9678139248839862
14,val_specificity,0.9308643730231276
15,cluster_id,0.6592969696969697
15,num_examples,716.3061818181818
15,participating_clients,69.0
15,total_examples,41250.0
15,val_accuracy,0.9305744654660921
15,val_balanced_accuracy,0.9286347480745463
15,val_f1,0.7631738110844712
15,val_far,0.06916724844436219
15,val_miss_rate,0.06970311226930131
15,val_pr_auc,0.912634310344988
15,val_precision,0.7412570617929019
15,val_recall,0.7980059786397897
15,val_roc_auc,0.9680433669861728
15,val_specificity,0.9308327515556376
16,cluster_id,0.6592969696969697
16,num_examples,716.3061818181818
16,participating_clients,69.0
16,total_examples,41250.0
16,val_accuracy,0.9309453736226071
16,val_balanced_accuracy,0.9292531386947296
16,val_f1,0.7641872736914453
16,val_far,0.06897737652442797
16,val_miss_rate,0.06823107636085773
16,val_pr_auc,0.9136182591509665
16,val_precision,0.742040903744889
16,val_recall,0.7994780145482335
16,val_roc_auc,0.9684410972223927
16,val_specificity,0.9310226234755719
17,cluster_id,0.6592969696969697
17,num_examples,716.3061818181818
17,participating_clients,69.0
17,total_examples,41250.0
17,val_accuracy,0.9322485915306807
17,val_balanced_accuracy,0.930740896644115
17,val_f1,0.7662082508421544
17,val_far,0.06790939831427745
17,val_miss_rate,0.06634402080506957
17,val_pr_auc,0.9140811579132059
17,val_precision,0.74414296577315
17,val_recall,0.8013650701040215
17,val_roc_auc,0.9689637689468843
17,val_specificity,0.9320906016857224
18,cluster_id,0.6592969696969697
18,num_examples,716.3061818181818
18,participating_clients,69.0
18,total_examples,41250.0
18,val_accuracy,0.9324318125814582
18,val_balanced_accuracy,0.9304493630953272
18,val_f1,0.7662501368283371
18,val_far,0.06731885265017651
18,val_miss_rate,0.06732673444987858
18,val_pr_auc,0.9143523206830655
18,val_precision,0.7448699882407106
18,val_recall,0.8003823564592126
18,val_roc_auc,0.9689562186161605
18,val_specificity,0.9326811473498235
19,cluster_id,0.6592969696969697
19,num_examples,716.3061818181818
19,participating_clients,69.0
19,total_examples,41250.0
19,val_accuracy,0.9326937597369283
19,val_balanced_accuracy,0.9307860343750362
19,val_f1,0.7663260333338918
19,val_far,0.06683890749828124
19,val_miss_rate,0.0672139691106905
19,val_pr_auc,0.9147282882689729
19,val_precision,0.7450339062024744
19,val_recall,0.8004951217984004
19,val_roc_auc,0.969209846802759
19,val_specificity,0.933161092501719
20,cluster_id,0.6592969696969697
20,num_examples,716.3061818181818
20,participating_clients,69.0
20,total_examples,41250.0
20,val_accuracy,0.9326315461465697
20,val_balanced_accuracy,0.931524687622403
20,val_f1,0.7670942043811444
20,val_far,0.06797660774473928
20,val_miss_rate,0.06452199050377307
20,val_pr_auc,0.9149464869107833
20,val_precision,0.7444469976052219
20,val_recall,0.8031871004053178
20,val_roc_auc,0.969094226108147
20,val_specificity,0.932023392255261
21,cluster_id,0.6592969696969697
21,num_examples,716.3061818181818
21,participating_clients,69.0
21,total_examples,41250.0
21,val_accuracy,0.9335887473288667
21,val_balanced_accuracy,0.932140413303472
21,val_f1,0.7680965643422045
21,val_far,0.06710655837214492
21,val_miss_rate,0.06403306475739118
21,val_pr_auc,0.9160809768963863
21,val_precision,0.7455513106398621
21,val_recall,0.8036760261517002
21,val_roc_auc,0.9696717986497259
21,val_specificity,0.9328934416278555
22,cluster_id,0.6592969696969697
22,num_examples,716.3061818181818
22,participating_clients,69.0
22,total_examples,41250.0
22,val_accuracy,0.933669093808394
22,val_balanced_accuracy,0.9319460625582532
22,val_f1,0.7684286406601109
22,val_far,0.06731171101020407
22,val_miss_rate,0.06389105799791371
22,val_pr_auc,0.9149528899886504
22,val_precision,0.745713372157066
22,val_recall,0.8038180329111771
22,val_roc_auc,0.9694775856066126
22,val_specificity,0.9326882889897962
23,cluster_id,0.6592969696969697
23,num_examples,716.3061818181818
23,participating_clients,69.0
23,total_examples,41250.0
23,val_accuracy,0.9334685006966904
23,val_balanced_accuracy,0.9322084673601647
23,val_f1,0.7687636725510131
23,val_far,0.0678110112096491
23,val_miss_rate,0.0625350290579703
23,val_pr_auc,0.915375954648976
23,val_precision,0.7454151443367709
23,val_recall,0.8051740618511204
23,val_roc_auc,0.9693360651662346
23,val_specificity,0.9321889887903512
24,cluster_id,0.6592969696969697
24,num_examples,716.3061818181818
24,participating_clients,69.0
24,total_examples,41250.0
24,val_accuracy,0.9343888228606314
24,val_balanced_accuracy,0.9323582461409233
24,val_f1,0.7687441806026886
24,val_far,0.06687304583164372
24,val_miss_rate,0.06356371692919434
24,val_pr_auc,0.9181673854330514
24,val_precision,0.7456818125629792
24,val_recall,0.8041453739798966
24,val_roc_auc,0.9703024010498175
24,val_specificity,0.9331269541683562
25,cluster_id,0.6592969696969697
25,num_examples,716.3061818181818
25,participating_clients,69.0
25,total_examples,41250.0
25,val_accuracy,0.9340698668484945
25,val_balanced_accuracy,0.9328974267349562
25,val_f1,0.7692236129925769
25,val_far,0.06776094648292057
25,val_miss_rate,0.06141490899125188
25,val_pr_auc,0.9165668209885022
25,val_precision,0.7453961588579353
25,val_recall,0.8062941819178391
25,val_roc_auc,0.9701220022868347
25,val_specificity,0.9322390535170793
