client_id,dataset,client,cluster_id,evaluation_split,model_source,train_examples,accuracy,balanced_accuracy,specificity,precision,recall,f1,far,miss_rate,roc_auc,pr_auc
KFall::SA36,KFall,SA36,0,local_val,last_round_local_fit,427,0.9921875,0.9918345543345544,0.9946581196581197,0.993103448275862,0.989010989010989,0.9910529938059188,0.005341880341880342,0.01098901098901099,0.9995685404339251,0.9994555359305664
KFall::SA22,KFall,SA22,0,local_val,last_round_local_fit,449,0.9894385769872152,0.9891610792723278,0.9919191919191919,0.9900744416873449,0.9864029666254636,0.9882352941176471,0.00808080808080808,0.013597033374536464,0.9992096490242349,0.9990412019762756
KFall::SA19,KFall,SA19,0,local_val,last_round_local_fit,516,0.9852191641182467,0.9849888290182678,0.9871205151793928,0.9839816933638444,0.9828571428571429,0.9834190966266438,0.012879484820607176,0.017142857142857144,0.9988708108818504,0.9985592256782634
KFall::SA24,KFall,SA24,0,local_val,last_round_local_fit,483,0.9862227324913893,0.9859096174898234,0.989451476793249,0.9873417721518988,0.982367758186398,0.9848484848484849,0.010548523206751054,0.017632241813602016,0.9987259403330888,0.9984841849635765
KFall::SA35,KFall,SA35,0,local_val,last_round_local_fit,479,0.9878048780487805,0.9881764858707383,0.985236220472441,0.9811557788944724,0.9911167512690355,0.9861111111111112,0.014763779527559055,0.008883248730964468,0.9988546204884288,0.9984587092063808
KFall::SA18,KFall,SA18,0,local_val,last_round_local_fit,498,0.9864525840441546,0.9865898761475749,0.9814271749755621,0.9806320081549439,0.9917525773195877,0.9861609431060995,0.01857282502443793,0.008247422680412371,0.9984712438653244,0.998272041992207
KFall::SA20,KFall,SA20,0,local_val,last_round_local_fit,431,0.9901960784313726,0.9897921057868424,0.9928644240570846,0.9906666666666667,0.9867197875166003,0.9886892880904857,0.007135575942915392,0.013280212483399735,0.9984783935951742,0.9977261513638381
KFall::SA33,KFall,SA33,0,local_val,last_round_local_fit,394,0.9856404365307294,0.9861187696291146,0.9811320754716981,0.9774436090225563,0.9911054637865311,0.9842271293375394,0.018867924528301886,0.008894536213468869,0.9979914704088184,0.99736443098264
KFall::SA38,KFall,SA38,0,local_val,last_round_local_fit,474,0.9842133913990201,0.983059547026238,0.9950347567030785,0.9938347718865598,0.9710843373493976,0.9823278488726387,0.004965243296921549,0.02891566265060241,0.9973738050513872,0.9969895261361483
KFall::SA23,KFall,SA23,0,local_val,last_round_local_fit,467,0.980507974010632,0.980620057174759,0.9790518191841234,0.9759797724399494,0.9821882951653944,0.9790741915028536,0.020948180815876516,0.017811704834605598,0.9971763299864498,0.9968513389944335
KFall::SA12,KFall,SA12,0,local_val,last_round_local_fit,395,0.9655620532813515,0.9655910546368353,0.98046875,0.9799465240641712,0.9507133592736705,0.9651086240947993,0.01953125,0.04928664072632944,0.995840426394293,0.9959805487454848
KFall::SA30,KFall,SA30,0,local_val,last_round_local_fit,431,0.9839725243274184,0.9839269754481889,0.9847826086956522,0.9830713422007256,0.9830713422007256,0.9830713422007256,0.015217391304347827,0.016928657799274487,0.9974948740865359,0.9956116965142454
KFall::SA37,KFall,SA37,0,local_val,last_round_local_fit,347,0.9710144927536232,0.9702382479523312,0.9781859931113662,0.9731638418079096,0.9622905027932961,0.9676966292134831,0.021814006888633754,0.03770949720670391,0.9963279861970765,0.9955768391261616
SisFall::SA22,SisFall,SA22,1,local_val,last_round_local_fit,1083,0.9647676161919041,0.9677814490527797,0.9447635881573133,0.9323593073593074,0.9907993099482462,0.9606913855589629,0.0552364118426867,0.009200690051753882,0.9962171157534119,0.9950173339746896
SisFall::SA09,SisFall,SA09,1,local_val,last_round_local_fit,887,0.9683257918552036,0.9698037429456834,0.9618167202572347,0.9462669683257918,0.9777907656341321,0.9617706237424547,0.03818327974276527,0.022209234365867914,0.9960817182558103,0.9945641044656433
SisFall::SA08,SisFall,SA08,1,local_val,last_round_local_fit,887,0.9673731840914503,0.9689086222870362,0.9606109324758842,0.9446327683615819,0.9772063120981882,0.9606434932490664,0.03938906752411576,0.022793687901811806,0.9960826578917201,0.9944536785394816
SisFall::SA18,SisFall,SA18,1,local_val,last_round_local_fit,881,0.9593341260404281,0.9623563218390805,0.9448275862068966,0.9261271048343291,0.9798850574712644,0.9522479754258587,0.05517241379310345,0.020114942528735632,0.9952761651628547,0.9940169995725744
SisFall::SA20,SisFall,SA20,1,local_val,last_round_local_fit,864,0.9685194294146582,0.9709047258384897,0.9581433899709905,0.9415170816444702,0.9836660617059891,0.9621301775147929,0.04185661002900953,0.016333938294010888,0.9957562497351887,0.9937414023425525
SisFall::SA17,SisFall,SA17,1,local_val,last_round_local_fit,1069,0.962944290395765,0.9639113590416744,0.9575492341356674,0.9438982070561018,0.9702734839476813,0.9569041336851363,0.04245076586433261,0.029726516052318668,0.9948680454913266,0.9935209474778952
KFall::SA14,KFall,SA14,0,local_val,last_round_local_fit,429,0.9723698193411264,0.9762117629673415,0.9628712871287128,0.9364406779661016,0.9895522388059701,0.9622641509433962,0.03712871287128713,0.010447761194029851,0.9966836609034038,0.9934338596162899
SisFall::SA19,SisFall,SA19,1,local_val,last_round_local_fit,899,0.9672796751850967,0.970969527075452,0.9534333070244673,0.932648401826484,0.9885057471264368,0.9597650513950073,0.04656669297553275,0.011494252873563218,0.9956191679427182,0.9929479155480825
SisFall::SA10,SisFall,SA10,1,local_val,last_round_local_fit,1023,0.971203544179178,0.9714506254188913,0.9701244813278008,0.9571428571428572,0.9727767695099818,0.9648964896489649,0.02987551867219917,0.02722323049001815,0.9942629144043397,0.992686824656857
SisFall::SA21,SisFall,SA21,1,local_val,last_round_local_fit,879,0.9584026622296173,0.9615523248828548,0.9477351916376306,0.9214659685863874,0.9753694581280788,0.94765180975172,0.05226480836236934,0.024630541871921183,0.9949151233243508,0.9924031417231662
SisFall::SA04,SisFall,SA04,1,local_val,last_round_local_fit,1285,0.9607997895290713,0.9608091150931084,0.9606986899563319,0.9537934968625214,0.960919540229885,0.9573432579444604,0.039301310043668124,0.03908045977011494,0.992682103877707,0.9916416120955882
SisFall::SA05,SisFall,SA05,1,local_val,last_round_local_fit,849,0.9568090630162851,0.9588427748556309,0.946515397082658,0.9286486486486486,0.9711701526286037,0.949433545178226,0.05348460291734198,0.02882984737139627,0.993438225224078,0.9911198577530341
SisFall::SA23,SisFall,SA23,1,local_val,last_round_local_fit,1057,0.9548275006205014,0.9577635166689263,0.9362166885102665,0.9210810810810811,0.9793103448275862,0.9493036211699164,0.06378331148973351,0.020689655172413793,0.9928895316430906,0.9904545581164796
SisFall::SA06,SisFall,SA06,1,local_val,last_round_local_fit,1207,0.9554008765145656,0.9566124195966532,0.9448340345956054,0.9345535219079312,0.9683908045977011,0.9511713237369461,0.05516596540439458,0.031609195402298854,0.9912017109724707,0.9889934228234971
KFall::SA15,KFall,SA15,0,local_val,last_round_local_fit,435,0.9729144095341279,0.9733095533498759,0.9701923076923077,0.9621026894865525,0.9764267990074442,0.9692118226600985,0.02980769230769231,0.02357320099255583,0.9950575014315709,0.9888464944072534
KFall::SA28,KFall,SA28,0,local_val,last_round_local_fit,452,0.9715512614063339,0.9721984825113603,0.9628514056224899,0.9583333333333334,0.9815455594002307,0.9698005698005698,0.03714859437751004,0.01845444059976932,0.9948814867312387,0.9879664942012202
SisFall::SA13,SisFall,SA13,1,local_val,last_round_local_fit,881,0.9624256837098693,0.9598377281947261,0.9748478701825558,0.9636576787807737,0.9448275862068966,0.9541497388276262,0.02515212981744422,0.05517241379310345,0.9900291436431886,0.9873027452598343
KFall::SA13,KFall,SA13,0,local_val,last_round_local_fit,435,0.9746835443037974,0.9760516299816135,0.9679376083188909,0.9562130177514793,0.9841656516443362,0.9699879951980792,0.032062391681109186,0.015834348355663823,0.9955036445810473,0.9870345816056689
KFall::SA09,KFall,SA09,0,local_val,last_round_local_fit,415,0.9652855543113102,0.9655900914945544,0.9644128113879004,0.9411764705882353,0.9667673716012085,0.9538002980625931,0.03558718861209965,0.03323262839879154,0.9925895861779789,0.9836600314657726
SisFall::SA14,SisFall,SA14,1,local_val,last_round_local_fit,1215,0.9364341085271318,0.9385388913776437,0.901174168297456,0.8981854838709677,0.9759036144578314,0.9354330708661417,0.09882583170254403,0.024096385542168676,0.9862220631324443,0.9836178303819711
SisFall::SA07,SisFall,SA07,1,local_val,last_round_local_fit,1397,0.9414475467606397,0.9418616313207754,0.9254362771020624,0.9243562231759657,0.9582869855394883,0.941015838339705,0.0745637228979376,0.04171301446051168,0.9845344936409158,0.9833310871458277
KFall::SA27,KFall,SA27,0,local_val,last_round_local_fit,453,0.9552316501821968,0.9559296217227566,0.9468085106382979,0.9396267837541163,0.9650507328072153,0.9521690767519466,0.05319148936170213,0.03494926719278467,0.9903528072589455,0.9823700563333544
KFall::SA07,KFall,SA07,0,local_val,last_round_local_fit,478,0.9554482018250134,0.9523467817860342,0.9623259623259623,0.9293394777265745,0.942367601246106,0.9358081979891725,0.03767403767403767,0.05763239875389408,0.9888044374025683,0.981904027562516
KFall::SA10,KFall,SA10,0,local_val,last_round_local_fit,473,0.9502673796791444,0.9531774424236804,0.9382273948075202,0.9135338345864662,0.9681274900398407,0.9400386847195358,0.06177260519247986,0.03187250996015936,0.9881084435757418,0.9803016745805986
SisFall::SA01,SisFall,SA01,1,local_val,last_round_local_fit,1063,0.9174745215013671,0.9215158783285033,0.8944636678200693,0.8693090519550081,0.9485680888369374,0.9072107322526551,0.10553633217993079,0.05143191116306254,0.9786396388926526,0.9760991322342386
SisFall::SA03,SisFall,SA03,1,local_val,last_round_local_fit,867,0.9293671486134155,0.9251399149894287,0.9459992116673236,0.9173703256936068,0.9042806183115338,0.9107784431137724,0.05400078833267639,0.09571938168846611,0.9830051504089066,0.974942727626976
KFall::SA29,KFall,SA29,0,local_val,last_round_local_fit,455,0.9594805194805195,0.960130676869954,0.9539040451552211,0.9444444444444444,0.9663573085846868,0.9552752293577982,0.04609595484477893,0.033642691415313224,0.986061424895177,0.9733349399783778
SisFall::SA11,SisFall,SA11,1,local_val,last_round_local_fit,1037,0.9165225981723882,0.9154120997380708,0.9225834046193327,0.8956772334293948,0.9082407948568089,0.901915264074289,0.07741659538066724,0.09175920514319112,0.974585020490871,0.9723909561705946
KFall::SA26,KFall,SA26,0,local_val,last_round_local_fit,494,0.9555442003065917,0.9598162071846282,0.9406850459482038,0.912883435582822,0.9789473684210527,0.9447619047619048,0.059314954051796154,0.021052631578947368,0.985726377346876,0.9597490126439998
KFall::SA08,KFall,SA08,0,local_val,last_round_local_fit,436,0.9589552238805971,0.9644891446976023,0.9455445544554455,0.9082058414464534,0.983433734939759,0.9443239334779465,0.054455445544554455,0.016566265060240965,0.9850665036383156,0.956877196866657
UpFall::S04,UpFall,S04,1,local_val,last_round_local_fit,471,0.9203539823008849,0.9366452131938858,0.913113435237329,0.6676923076923077,0.9601769911504425,0.7876588021778584,0.08688656476267095,0.03982300884955752,0.9856328181177425,0.9526902826874413
KFall::SA06,KFall,SA06,0,local_val,last_round_local_fit,403,0.9301801801801802,0.9299241194523442,0.9306599832915622,0.8663446054750402,0.9291882556131261,0.8966666666666666,0.06934001670843776,0.07081174438687392,0.9791635103879445,0.9485697707043041
SisFall::SA02,SisFall,SA02,1,local_val,last_round_local_fit,1083,0.8418685985510866,0.8475897877398022,0.8038002651347769,0.7774436090225564,0.8913793103448275,0.8305220883534137,0.19619973486522316,0.10862068965517241,0.9484076675758454,0.9425887727357244
KFall::SA25,KFall,SA25,0,local_val,last_round_local_fit,484,0.929287598944591,0.934498565832615,0.9000916590284143,0.8772522522522522,0.9689054726368159,0.9208037825059102,0.0999083409715857,0.03109452736318408,0.9615693302506715,0.9232059385411184
UpFall::S06,UpFall,S06,2,local_val,last_round_local_fit,473,0.9509870660313138,0.9180996988959518,0.9673469387755103,0.8412698412698413,0.8688524590163934,0.8548387096774194,0.0326530612244898,0.13114754098360656,0.9832686517229843,0.9230553286219291
UpFall::S08,UpFall,S08,2,local_val,last_round_local_fit,251,0.9393103448275862,0.8810732257504772,0.9656862745098039,0.8108108108108109,0.7964601769911505,0.8035714285714286,0.03431372549019608,0.20353982300884957,0.9633075944242003,0.8928981421226327
UpFall::S13,UpFall,S13,1,local_val,last_round_local_fit,331,0.927860696517413,0.8989024402859241,0.9379014989293362,0.6716981132075471,0.8599033816425121,0.7542372881355932,0.06209850107066381,0.14009661835748793,0.95352181154248,0.8151970715763797
UpFall::S09,UpFall,S09,2,local_val,last_round_local_fit,231,0.9397308367466355,0.8962153958062306,0.9520052596975674,0.683982683982684,0.8404255319148937,0.7541766109785203,0.04799474030243261,0.1595744680851064,0.9704876411095723,0.7844403548165161
UpFall::S03,UpFall,S03,1,local_val,last_round_local_fit,433,0.879973474801061,0.8200647494926345,0.905616224648986,0.578397212543554,0.7345132743362832,0.6471734892787524,0.09438377535101404,0.26548672566371684,0.8889387433904437,0.7820155892440243
UpFall::S17,UpFall,S17,1,local_val,last_round_local_fit,272,0.9354066985645934,0.9081869655032164,0.9433580579905597,0.6626506024096386,0.873015873015873,0.7534246575342466,0.056641942009440324,0.12698412698412698,0.9694919850010881,0.7767249776810189
UpFall::S10,UpFall,S10,1,local_val,last_round_local_fit,432,0.8072847682119205,0.8024470384781669,0.8093385214007782,0.4221698113207547,0.7955555555555556,0.551617873651772,0.19066147859922178,0.20444444444444446,0.858234327712927,0.6351176021859111
UpFall::S11,UpFall,S11,2,local_val,last_round_local_fit,513,0.834149755073478,0.7805845599984347,0.8653516295025729,0.538235294117647,0.6958174904942965,0.6069651741293532,0.1346483704974271,0.3041825095057034,0.8929197999073886,0.6020988267585007
UpFall::S12,UpFall,S12,2,local_val,last_round_local_fit,330,0.8857142857142857,0.7788246836188966,0.9276934201012292,0.588477366255144,0.6299559471365639,0.6085106382978723,0.07230657989877079,0.3700440528634361,0.8823154669189432,0.5645507546320283
UpFall::S01,UpFall,S01,1,local_val,last_round_local_fit,273,0.8241296518607443,0.8939157285578556,0.803788903924222,0.3894736842105263,0.9840425531914894,0.5580693815987934,0.19621109607577808,0.015957446808510637,0.9067565427691245,0.4831546680619492
UpFall::S16,UpFall,S16,1,local_val,last_round_local_fit,532,0.8093883357041252,0.6985094946530854,0.8683304647160068,0.4574468085106383,0.5286885245901639,0.49049429657794674,0.1316695352839931,0.4713114754098361,0.789766795519314,0.4326473801988334
UpFall::S05,UpFall,S05,2,local_val,last_round_local_fit,330,0.7996266334785315,0.7623029818029992,0.8124108416547788,0.3569682151589242,0.7121951219512195,0.4755700325732899,0.1875891583452211,0.28780487804878047,0.8171984273337741,0.2889359008801794
SisFall::SE01,SisFall,SE01,2,local_val,last_round_local_fit,660,0.9968652037617555,0.9968652037617555,0.9968652037617555,0.0,0.0,0.0,0.003134796238244514,0.0,,
SisFall::SE14,SisFall,SE14,2,local_val,last_round_local_fit,830,0.9537223340040242,0.9537223340040242,0.9537223340040242,0.0,0.0,0.0,0.04627766599597585,0.0,,
SisFall::SE04,SisFall,SE04,2,local_val,last_round_local_fit,478,0.9440361786319955,0.9440361786319955,0.9440361786319955,0.0,0.0,0.0,0.05596382136800452,0.0,,
SisFall::SE15,SisFall,SE15,2,local_val,last_round_local_fit,455,0.9437412095639943,0.9437412095639943,0.9437412095639943,0.0,0.0,0.0,0.05625879043600562,0.0,,
SisFall::SE11,SisFall,SE11,2,local_val,last_round_local_fit,328,0.9422980431510286,0.9422980431510286,0.9422980431510286,0.0,0.0,0.0,0.0577019568489714,0.0,,
SisFall::SE13,SisFall,SE13,2,local_val,last_round_local_fit,478,0.9175257731958762,0.9175257731958762,0.9175257731958762,0.0,0.0,0.0,0.08247422680412371,0.0,,
SisFall::SE02,SisFall,SE02,2,local_val,last_round_local_fit,602,0.915282392026578,0.915282392026578,0.915282392026578,0.0,0.0,0.0,0.08471760797342193,0.0,,
SisFall::SE12,SisFall,SE12,2,local_val,last_round_local_fit,452,0.9026217228464419,0.9026217228464419,0.9026217228464419,0.0,0.0,0.0,0.09737827715355805,0.0,,
SisFall::SE07,SisFall,SE07,2,local_val,last_round_local_fit,328,0.9006522829904666,0.9006522829904666,0.9006522829904666,0.0,0.0,0.0,0.09934771700953336,0.0,,
SisFall::SE09,SisFall,SE09,2,local_val,last_round_local_fit,680,0.8933577087141986,0.8933577087141986,0.8933577087141986,0.0,0.0,0.0,0.10664229128580134,0.0,,
