model,generator,mixture,seed,run_dir,dev_accuracy,dev_balanced_accuracy,dev_specificity,dev_precision,dev_recall,dev_f1,dev_roc_auc,dev_pr_auc,dev_far,dev_miss_rate,dev_tn,dev_fp,dev_fn,dev_tp,dev_round,test_accuracy,test_balanced_accuracy,test_specificity,test_precision,test_recall,test_f1,test_roc_auc,test_pr_auc,test_far,test_miss_rate,test_tn,test_fp,test_fn,test_tp,test_round,local_cluster_id,local_train_examples,local_accuracy,local_balanced_accuracy,local_specificity,local_precision,local_recall,local_f1,local_roc_auc,local_pr_auc,local_far,local_miss_rate
fedavg,timegan,50_synthetic_50_original,1,gen_syntdata/experiments_gans_falls/full_data_full_results/fedavg/timegan/50_synthetic_50_original/seed_01/run_20260825_085751,0.8080400076937873,0.7578142961980385,0.8839487151268365,0.7008510638297872,0.6316798772692406,0.664470145239376,0.8400296481430927,0.6264280547323222,0.1160512848731634,0.3683201227307593,16064,2109,2881,4941,25,0.7958590205885774,0.7585967494529202,0.8572956541319523,0.6763278855975485,0.6598978447738881,0.6680118544674948,0.8560413413612193,0.7012748797816802,0.1427043458680477,0.3401021552261118,15229,2535,2730,5297,25,0.0434782608695652,1347.7391304347825,0.8358626570550985,0.8512169840567928,0.8136715620878532,0.5889382555844518,0.7440286807635494,0.6366464181170799,0.8746145772192063,0.7778808846458412,0.1863284379121468,0.1110437830045666
fedavg,timegan,50_synthetic_50_original,2,gen_syntdata/experiments_gans_falls/full_data_full_results/fedavg/timegan/50_synthetic_50_original/seed_02/run_20260825_092942,0.8129640315445278,0.746226299709335,0.91382820668024,0.7429415627051871,0.57862439273843,0.6505677734655743,0.8406819275515333,0.6487499307782879,0.08617179331976,0.4213756072615699,16607,1566,3296,4526,25,0.8295917180411772,0.7797043245764752,0.91184417923891,0.7684801892371378,0.6475644699140402,0.702859847204381,0.8692172411412541,0.7625642156156491,0.0881558207610898,0.3524355300859599,16198,1566,2829,5198,25,0.0434782608695652,1351.8115942028985,0.8446029838060368,0.8496219190960266,0.8241659957841982,0.5994257363866906,0.7301913621352433,0.642470312601364,0.875751348469307,0.7846835682129074,0.1758340042158017,0.1248811016328727
fedavg,timegan,50_synthetic_50_original,3,gen_syntdata/experiments_gans_falls/full_data_full_results/fedavg/timegan/50_synthetic_50_original/seed_03/run_20260825_094747,0.819311406039623,0.7583754671130558,0.9114070324107192,0.7462568951930654,0.6053439018153924,0.6684548598856498,0.827273333485943,0.6358703565950292,0.0885929675892808,0.3946560981846075,16563,1610,3087,4735,25,0.8430072505912916,0.7985592919943378,0.9162913758162576,0.7861047180667434,0.680827208172418,0.7296882301889311,0.88825195263217,0.7698083246879526,0.0837086241837424,0.3191727918275819,16277,1487,2562,5465,25,0.0434782608695652,1354.2463768115942,0.8487562172962131,0.8562138559773167,0.8286913510946283,0.6042556616630005,0.7388088246281209,0.6486072537948333,0.8768879715851005,0.776943583906547,0.1713086489053716,0.1162636391399949
fedavg,timegan,50_synthetic_50_original,4,gen_syntdata/experiments_gans_falls/full_data_full_results/fedavg/timegan/50_synthetic_50_original/seed_04/run_20260825_100320,0.7965377957299481,0.7368082731323874,0.8868101028999065,0.690537084398977,0.5868064433648683,0.6344598797428986,0.8343433589069783,0.6094560642957569,0.1131898971000935,0.4131935566351317,16116,2057,3232,4590,25,0.8392074754759412,0.797644623988724,0.9077347444269308,0.771025426096675,0.6875545035505171,0.7269015475798485,0.8833481093293921,0.7315988015028052,0.0922652555730691,0.312445496449483,16125,1639,2508,5519,25,0.0434782608695652,1354.1884057971015,0.8332205878346546,0.8386836092775041,0.8115775575819739,0.5897873586708823,0.7208621247411502,0.6328811087954589,0.8563947047947686,0.7738679909822901,0.1884224424180261,0.1342103390269657
fedavg,timegan,50_synthetic_50_original,5,gen_syntdata/experiments_gans_falls/full_data_full_results/fedavg/timegan/50_synthetic_50_original/seed_05/run_20260825_101840,0.8085401038661281,0.7496522808576223,0.8975403070489187,0.7165474196985843,0.6017642546663258,0.6541588492808005,0.8390735963730954,0.6182105991117808,0.1024596929510812,0.3982357453336742,16311,1862,3115,4707,25,0.8278856965608158,0.7836897373806546,0.9007543346093222,0.7521788023615407,0.666625140151987,0.7068225348391783,0.8701846857376507,0.7150683179548658,0.0992456653906777,0.3333748598480129,16001,1763,2676,5351,25,0.0434782608695652,1362.3333333333333,0.8476429021321111,0.8481024423254064,0.8299282593328069,0.6085393506079989,0.7213490890861217,0.6424505614199345,0.8714340061577768,0.778868477678626,0.1700717406671929,0.1337233746819942
fedavg,timegan,50_synthetic_50_original,6,gen_syntdata/experiments_gans_falls/full_data_full_results/fedavg/timegan/50_synthetic_50_original/seed_06/run_20260825_103815,0.7777264858626659,0.706278461379517,0.8857095691410334,0.664891900613101,0.5268473536180005,0.5878744650499287,0.819475446102738,0.6077138211954829,0.1142904308589666,0.4731526463819995,16096,2077,3701,4121,25,0.8192780427280835,0.7606086663096377,0.9160099076784508,0.7650393700787401,0.6052074249408247,0.6758016275996384,0.8644391099875792,0.7290478242518825,0.0839900923215492,0.3947925750591753,16272,1492,3169,4858,25,0.0434782608695652,1359.0144927536232,0.8416807229425095,0.8466979446552262,0.8251625160870056,0.6142434609707103,0.7233058369915624,0.6427330671089294,0.8718236369332084,0.7881978351582045,0.1748374839129942,0.1317666267765535
fedavg,timegan,50_synthetic_50_original,7,gen_syntdata/experiments_gans_falls/full_data_full_results/fedavg/timegan/50_synthetic_50_original/seed_07/run_20260825_105050,0.8037699557607232,0.7341892715179852,0.9089308314532548,0.7255844801857072,0.5594477115827154,0.6317765105031401,0.8392814695004346,0.6278656356457348,0.0910691685467451,0.4405522884172845,16518,1655,3446,4376,25,0.8167190105075414,0.760116694929663,0.9100427831569466,0.7540024630541872,0.6101906067023795,0.6745162845142189,0.8664311659307236,0.7302805514587143,0.0899572168430533,0.3898093932976205,16166,1598,3129,4898,25,0.0434782608695652,1361.6521739130435,0.8542233705667974,0.8463916940229109,0.843116643123073,0.6209600105250035,0.7047392086908648,0.6460425047940166,0.873711937238566,0.7855522379070007,0.156883356876927,0.1503332550772511
fedavg,timegan,50_synthetic_50_original,8,gen_syntdata/experiments_gans_falls/full_data_full_results/fedavg/timegan/50_synthetic_50_original/seed_08/run_20260825_110004,0.7882285054818234,0.7309382086875673,0.8748142849281901,0.6687054026503568,0.5870621324469445,0.6252297637688066,0.8176916584395132,0.6004781344857623,0.1251857150718098,0.4129378675530555,15898,2275,3230,4592,25,0.7962079795277422,0.7680345265431712,0.8426593109659987,0.665709843320177,0.6934097421203438,0.6792775201366854,0.8581505009536745,0.7144523282141898,0.1573406890340013,0.3065902578796561,14969,2795,2461,5566,25,0.0434782608695652,1370.3623188405795,0.8281386040568396,0.839293367015213,0.8088499740216999,0.593585945208731,0.7248738274334087,0.6316439455192083,0.8657744457762799,0.7809499926427216,0.1911500259783,0.1301986363347072
fedavg,timegan,50_synthetic_50_original,9,gen_syntdata/experiments_gans_falls/full_data_full_results/fedavg/timegan/50_synthetic_50_original/seed_09/run_20260825_110914,0.7929601846508944,0.7270769736132048,0.8925328784460463,0.6922470847778128,0.5616210687803631,0.6201298701298701,0.8225442180802615,0.6404993911055005,0.1074671215539536,0.4383789312196369,16220,1953,3429,4393,25,0.8440929006242488,0.7994156886966743,0.917755010132853,0.7891166281755196,0.6810763672604958,0.7311267134737546,0.8811144683753803,0.7764903246238795,0.082244989867147,0.3189236327395042,16303,1461,2560,5467,25,0.0434782608695652,1358.5797101449275,0.8552477219346579,0.8552401620881069,0.8431513162430136,0.6236127226330124,0.7224014717013162,0.6517622992165101,0.8784314756965517,0.7926473162377813,0.1568486837569864,0.1326709920667998
fedavg,timegan,50_synthetic_50_original,10,gen_syntdata/experiments_gans_falls/full_data_full_results/fedavg/timegan/50_synthetic_50_original/seed_10/run_20260825_111930,0.7874206578188113,0.7295958410066673,0.8748142849281901,0.6676891615541922,0.5843773970851445,0.6232615216798473,0.8102221443291073,0.5962539558606457,0.1251857150718098,0.4156226029148555,15898,2275,3251,4571,25,0.8223798999651041,0.7822194687334659,0.8885949110560685,0.7327120475418692,0.6758440264108634,0.7031300628604756,0.8674587823627344,0.6986825958797478,0.1114050889439315,0.3241559735891366,15785,1979,2602,5425,25,0.0434782608695652,1361.6666666666667,0.8468775341010235,0.8502445389932188,0.8291835893432217,0.6014647077092343,0.7269306113553169,0.640315096316571,0.8723461659176236,0.7750329331300323,0.1708164106567783,0.1281418524127991
fedavg,wavegan_lite,25_synthetic_75_original,1,gen_syntdata/experiments_gans_falls/full_data_full_results/fedavg/wavegan_lite/25_synthetic_75_original/seed_01/run_20260825_113854,0.8046162723600693,0.7495765892635377,0.8878005832828922,0.7010702243072863,0.6113525952441831,0.6531448473673428,0.8337895288701085,0.6275665534590431,0.1121994167171078,0.3886474047558169,16134,2039,3040,4782,25,0.8107867085417394,0.76455082973034,0.8870186894843504,0.7197318810222036,0.6420829699763299,0.6786937055570187,0.8498971096676167,0.6820876175234045,0.1129813105156496,0.3579170300236701,15757,2007,2873,5154,25,0.0434782608695652,845.3623188405797,0.8391208407286562,0.8540826741267358,0.8133816173508692,0.5920234853829273,0.7501433220332382,0.6424918144285775,0.8788108731967128,0.7867489803728764,0.1866183826491308,0.1049291417348777
fedavg,wavegan_lite,25_synthetic_75_original,2,gen_syntdata/experiments_gans_falls/full_data_full_results/fedavg/wavegan_lite/25_synthetic_75_original/seed_02/run_20260825_123643,0.8177341796499327,0.7625267143595582,0.9011720684531996,0.7309766327142001,0.6238813602659167,0.6731963029383363,0.8363416711592465,0.6319745858355397,0.0988279315468002,0.3761186397340834,16377,1796,2942,4880,25,0.8055135512388042,0.7739703308528043,0.8575208286421977,0.6864858169205995,0.690419833063411,0.6884472049689441,0.8610142525338164,0.706501299370229,0.1424791713578023,0.309580166936589,15233,2531,2485,5542,25,0.0434782608695652,848.9420289855072,0.8371767991793568,0.8465240998607635,0.8111785640078463,0.5890685533317358,0.7369667330573602,0.6371838598974346,0.8698630709273929,0.778165097490186,0.1888214359921536,0.1181057307107557
fedavg,wavegan_lite,25_synthetic_75_original,3,gen_syntdata/experiments_gans_falls/full_data_full_results/fedavg/wavegan_lite/25_synthetic_75_original/seed_03/run_20260825_124855,0.8123100596268513,0.7523849974934085,0.902877895779453,0.7273289046809825,0.6018920992073639,0.6586918502973067,0.8224232325293467,0.6124107566251848,0.0971221042205469,0.3981079007926361,16408,1765,3114,4708,25,0.8174944748167966,0.7723906658811694,0.8918599414546273,0.7317788327282881,0.6529213903077115,0.6901046810191586,0.8647017656604636,0.7039504868820994,0.1081400585453726,0.3470786096922885,15843,1921,2786,5241,25,0.0434782608695652,853.6666666666666,0.8536645726659294,0.859116944770194,0.8383636056417328,0.6172381086876545,0.7349427476667708,0.6541378615149487,0.8795556041135654,0.7813605741959365,0.1616363943582671,0.1201297161013451
fedavg,wavegan_lite,25_synthetic_75_original,4,gen_syntdata/experiments_gans_falls/full_data_full_results/fedavg/wavegan_lite/25_synthetic_75_original/seed_04/run_20260825_130257,0.7913060203885363,0.7342315440017302,0.8775656193253728,0.6750401635752884,0.5908974686780875,0.6301724725611835,0.8133610187031224,0.6085662302038578,0.1224343806746272,0.4091025313219125,15948,2225,3200,4622,25,0.8254042107711993,0.7841759195006877,0.8933798693987841,0.7409737417943107,0.6749719696025912,0.7064345785253276,0.8781740853677609,0.7312363757627112,0.1066201306012159,0.3250280303974087,15870,1894,2609,5418,25,0.0434782608695652,849.4927536231884,0.8365887088928327,0.840840963950167,0.8159066695405941,0.5978735055731627,0.7208549939560662,0.6391060450225492,0.8632267117085058,0.7865286342918356,0.1840933304594059,0.1342174698120496
fedavg,wavegan_lite,25_synthetic_75_original,5,gen_syntdata/experiments_gans_falls/full_data_full_results/fedavg/wavegan_lite/25_synthetic_75_original/seed_05/run_20260825_131347,0.809001731102135,0.7529315640356091,0.8937434655808066,0.712606042565858,0.6121196624904116,0.6585516814524448,0.8306339783565164,0.6107698027665347,0.1062565344191933,0.3878803375095883,16242,1931,3034,4788,25,0.8280407894226668,0.7838706105522548,0.900866921864445,0.7524599381501265,0.6668742992400648,0.7070867181824186,0.8678800237837245,0.6990706533821045,0.099133078135555,0.3331257007599352,16003,1761,2674,5353,25,0.0434782608695652,859.8115942028985,0.8493800831918533,0.8497913751302772,0.8307630334011359,0.6131090922168548,0.7238921806275342,0.6463829903076906,0.8698072449423617,0.7754522246956772,0.169236966598864,0.1311802831405817
fedavg,wavegan_lite,25_synthetic_75_original,6,gen_syntdata/experiments_gans_falls/full_data_full_results/fedavg/wavegan_lite/25_synthetic_75_original/seed_06/run_20260825_133103,0.7938834391229083,0.7446310357864397,0.8683211357508391,0.6699310344827586,0.6209409358220404,0.6445063694267515,0.8266183948997928,0.6157074406762398,0.1316788642491608,0.3790590641779596,15780,2393,2965,4857,25,0.8041564886976077,0.7573818604553697,0.8812767394730916,0.7068390325271059,0.6334869814376479,0.6681558373300046,0.8524935909982037,0.6834756600432927,0.1187232605269083,0.3665130185623521,15655,2109,2942,5085,25,0.0434782608695652,858.7391304347826,0.845815277346221,0.8459413326285593,0.828391245232655,0.6216285832215946,0.7185638837925797,0.6460741719499228,0.8707231617699355,0.7870544853972083,0.1716087547673451,0.1365085799755362
fedavg,wavegan_lite,25_synthetic_75_original,7,gen_syntdata/experiments_gans_falls/full_data_full_results/fedavg/wavegan_lite/25_synthetic_75_original/seed_07/run_20260825_134638,0.8005000961723409,0.7389139690305411,0.8935783855169758,0.7026445264452644,0.5842495525441064,0.6380008376378612,0.8347191084556602,0.6251492067744984,0.1064216144830242,0.4157504474558936,16239,1934,3252,4570,25,0.8150517622426428,0.7611256742226129,0.9039630713803196,0.7441895336632178,0.618288277064906,0.6754218835057159,0.8682344134537829,0.7091001321514873,0.0960369286196802,0.381711722935094,16058,1706,3064,4963,25,0.0434782608695652,860.3913043478261,0.8496572829274823,0.8485396471703488,0.8312744564750378,0.6098603104403708,0.7208773016337756,0.6478106415152806,0.8798933096723778,0.797443525092126,0.1687255435249621,0.1341951621343402
fedavg,wavegan_lite,25_synthetic_75_original,8,gen_syntdata/experiments_gans_falls/full_data_full_results/fedavg/wavegan_lite/25_synthetic_75_original/seed_08/run_20260825_141121,0.7928832467782266,0.7344857768674418,0.8811423540417103,0.680378810298905,0.5878291996931732,0.6307270233196159,0.8229942030066633,0.6036832407901092,0.1188576459582897,0.4121708003068269,16013,2160,3224,4598,25,0.8003954867977201,0.7589194892984881,0.8687795541544697,0.690889802413473,0.6490594244425065,0.6693216855087358,0.8538581872422413,0.6847994485828662,0.1312204458455302,0.3509405755574935,15433,2331,2817,5210,25,0.0434782608695652,869.7391304347826,0.8407309382758748,0.8426363789691642,0.8236245435270027,0.6093703393535552,0.7170221619100878,0.6405854720835877,0.8661541321275825,0.780402072947851,0.1763754564729973,0.138050301858028
fedavg,wavegan_lite,25_synthetic_75_original,9,gen_syntdata/experiments_gans_falls/full_data_full_results/fedavg/wavegan_lite/25_synthetic_75_original/seed_09/run_20260825_141836,0.7981919599923062,0.7431250055663343,0.8814174874814285,0.6870461806564043,0.6048325236512401,0.6433233614359533,0.8104828387152581,0.6196038326780515,0.1185825125185715,0.3951674763487599,16018,2155,3091,4731,25,0.8249777054011089,0.7785400030638545,0.9015424453951812,0.7505348737697903,0.6555375607325277,0.699827104668174,0.8694550811917232,0.7471914935798941,0.0984575546048187,0.3444624392674723,16015,1749,2765,5262,25,0.0434782608695652,859.1884057971015,0.8454065561912572,0.849809489064794,0.825692652977068,0.604046062621017,0.7289987889206359,0.6437297910769983,0.877278137451667,0.7861174110925271,0.174307347022932,0.1260736748474801
fedavg,wavegan_lite,25_synthetic_75_original,10,gen_syntdata/experiments_gans_falls/full_data_full_results/fedavg/wavegan_lite/25_synthetic_75_original/seed_10/run_20260825_143723,0.8000769378726679,0.7487330038269788,0.8776756727012601,0.6856173101400085,0.6197903349526975,0.6510441146847512,0.8235128059737458,0.622435949891184,0.1223243272987398,0.3802096650473024,15950,2223,2974,4848,25,0.8272653251134117,0.785151394021534,0.8967011934249043,0.7466169566418116,0.6736015946181637,0.7082323662322353,0.8662402956785094,0.6925548598335167,0.1032988065750957,0.3263984053818363,15929,1835,2620,5407,25,0.0434782608695652,860.2028985507246,0.8378331021739591,0.8494462738357865,0.8113533916446862,0.6030705568702489,0.7432806279903531,0.6448624709995489,0.8785880481300823,0.7961077239857532,0.1886466083553137,0.1117918357777628
fedavg,wavegan_lite,90_synthetic_10_original,1,gen_syntdata/experiments_gans_falls/full_data_full_results/fedavg/wavegan_lite/90_synthetic_10_original/seed_01/run_20260824_095801,0.787151375264474,0.7316241921182451,0.8710724701480218,0.6640860215053763,0.5921759140884684,0.6260728526052578,0.797960070913094,0.5782799236525418,0.1289275298519782,0.4078240859115316,15830,2343,3190,4632,25,0.8060176030398201,0.7558648990247872,0.8887074983111912,0.7166809974204643,0.623022299738383,0.6665778073975341,0.838970833547114,0.6692596416097415,0.1112925016888088,0.376977700261617,15787,1977,3026,5001,25,0.0434782608695652,7377.028985507246,0.8389927726153046,0.8446895740486215,0.7997440384556521,0.5875612520285507,0.7449875225881638,0.6391209908544946,0.8682948502530623,0.7806251102008757,0.2002559615443477,0.1100849411799521
fedavg,wavegan_lite,90_synthetic_10_original,2,gen_syntdata/experiments_gans_falls/full_data_full_results/fedavg/wavegan_lite/90_synthetic_10_original/seed_02/run_20260824_133038,0.8126947489901905,0.7481090151147238,0.910306498651846,0.7376468694672461,0.5859115315776017,0.653081581759886,0.823262417659934,0.6307474577915247,0.0896935013481538,0.4140884684223984,16543,1630,3239,4583,25,0.8216432088713117,0.7758120904545672,0.8972078360729565,0.7420539624240712,0.6544163448361779,0.6954852376539123,0.8645659582482641,0.7055195533149986,0.1027921639270434,0.3455836551638221,15938,1826,2774,5253,25,0.0434782608695652,7379.04347826087,0.8360097124833887,0.8423544142166888,0.7995767097225219,0.5865224186746603,0.7406151420716965,0.6384342794621569,0.8627393849680667,0.7716536874339696,0.2004232902774781,0.1144573216964194
fedavg,wavegan_lite,90_synthetic_10_original,3,gen_syntdata/experiments_gans_falls/full_data_full_results/fedavg/wavegan_lite/90_synthetic_10_original/seed_03/run_20260824_155829,0.8143489132525485,0.7510397173797791,0.910031365212128,0.7390679859559528,0.5920480695474303,0.6574389551391255,0.8137626037812691,0.6122388875782089,0.0899686347878721,0.4079519304525696,16538,1635,3191,4631,25,0.8292427591020123,0.7759001355956185,0.9171920738572392,0.775932977913176,0.6346081973339978,0.6981907894736842,0.8663323592883028,0.7121946438661375,0.0828079261427606,0.3653918026660022,16293,1471,2933,5094,25,0.0434782608695652,7383.202898550725,0.8567666580296663,0.8494032651215547,0.8271609044712319,0.6152448807517945,0.7267180895399935,0.6548704715232112,0.8630468618503102,0.7592201740573874,0.172839095528768,0.1283543742281224
fedavg,wavegan_lite,90_synthetic_10_original,4,gen_syntdata/experiments_gans_falls/full_data_full_results/fedavg/wavegan_lite/90_synthetic_10_original/seed_04/run_20260824_184948,0.7908443931525293,0.7299328108804211,0.8829032080559072,0.6795663303719319,0.5769624137049348,0.6240752264398811,0.8144814364984916,0.6005652853362364,0.1170967919440928,0.4230375862950652,16045,2128,3309,4513,25,0.8366096700399364,0.7960660740895671,0.9034564287322676,0.7632196603617286,0.6886757194468668,0.7240340537000655,0.8784204778137465,0.7215844305826683,0.0965435712677325,0.3113242805531331,16049,1715,2499,5528,25,0.0434782608695652,7378.840579710145,0.8431268283941555,0.8339021374010095,0.8144990718344114,0.6012955395633831,0.7083994822203544,0.6373555257802428,0.8537567490403052,0.775850721888443,0.1855009281655886,0.1466729815477615
fedavg,wavegan_lite,90_synthetic_10_original,5,gen_syntdata/experiments_gans_falls/full_data_full_results/fedavg/wavegan_lite/90_synthetic_10_original/seed_05/run_20260824_211739,0.8003462204270052,0.7297745018709425,0.9070048973752268,0.7188955422488357,0.5525441063666582,0.6248373572357959,0.8212863215008038,0.6095147270500059,0.092995102624773,0.4474558936333419,16483,1690,3500,4322,25,0.8242797875227793,0.7678246159024147,0.9173609547399234,0.7717306795210698,0.618288277064906,0.6865403236962235,0.868306402252452,0.7096964882922439,0.0826390452600765,0.381711722935094,16296,1468,3064,4963,25,0.0434782608695652,7390.68115942029,0.8526312679149388,0.8475358237205497,0.8307083038709344,0.6129295216811651,0.7194358073382809,0.6467971716271158,0.8639104097872815,0.7683551851785184,0.1692916961290655,0.1356366564298349
fedavg,wavegan_lite,90_synthetic_10_original,6,gen_syntdata/experiments_gans_falls/full_data_full_results/fedavg/wavegan_lite/90_synthetic_10_original/seed_06/run_20260824_234441,0.7978072706289671,0.7419396489629355,0.8822428878005832,0.6874087058136138,0.6016364101252877,0.6416689391873466,0.8170406523410338,0.6052870923771065,0.1177571121994167,0.3983635898747124,16033,2140,3116,4706,25,0.8255593036330503,0.7772209144003882,0.905257824814231,0.7558746736292428,0.6491840039865454,0.698478654245694,0.865245139076468,0.7049517834810622,0.0947421751857689,0.3508159960134546,16081,1683,2816,5211,25,0.0434782608695652,7388.36231884058,0.8473420461005194,0.8411514600757781,0.8253702207742007,0.6249377350265563,0.7120051631454714,0.6442855179992627,0.8616096855663681,0.782882188324009,0.1746297792257992,0.1430673006226445
fedavg,wavegan_lite,90_synthetic_10_original,7,gen_syntdata/experiments_gans_falls/full_data_full_results/fedavg/wavegan_lite/90_synthetic_10_original/seed_07/run_20260825_020731,0.8083862281207924,0.7376365085007932,0.9153139272547184,0.7399898631525595,0.5599590897468678,0.6375081871770614,0.8234758518454195,0.6154227790577009,0.0846860727452814,0.4400409102531322,16634,1539,3442,4380,25,0.8230002714125082,0.7665543414652647,0.916066201306012,0.7686219739292365,0.6170424816245172,0.6845414967866768,0.8625117212351344,0.6966738318074761,0.0839337986939878,0.3829575183754827,16273,1491,3074,4953,25,0.0434782608695652,7389.028985507246,0.8502789513728378,0.8430264485887293,0.8304579352699578,0.6106518026583433,0.7106674256756166,0.6432217142718024,0.8688266806728093,0.7884084224543202,0.1695420647300421,0.1444050380924993
fedavg,wavegan_lite,90_synthetic_10_original,8,gen_syntdata/experiments_gans_falls/full_data_full_results/fedavg/wavegan_lite/90_synthetic_10_original/seed_08/run_20260825_041756,0.7923831506058857,0.7417011601176302,0.8689814560061629,0.6687073883400584,0.6144208642290974,0.6404157505496701,0.8113662273991176,0.5912004275693789,0.131018543993837,0.3855791357709026,15792,2381,3016,4806,25,0.816951649800318,0.7743524746067139,0.8871875703670344,0.7260049220672683,0.6615173788463934,0.6922625643699889,0.8561110894953805,0.6736415790908173,0.1128124296329655,0.3384826211536065,15760,2004,2717,5310,25,0.0434782608695652,7398.695652173913,0.8395832057512712,0.8341771176626883,0.815078753628442,0.6152996571616264,0.7085920037231922,0.6372806725321465,0.8585515812638466,0.7756473902079677,0.1849212463715579,0.1464804600449236
fedavg,wavegan_lite,90_synthetic_10_original,9,gen_syntdata/experiments_gans_falls/full_data_full_results/fedavg/wavegan_lite/90_synthetic_10_original/seed_09/run_20260825_062627,0.8058857472590882,0.7343189662276411,0.9140483134320144,0.7352542372881355,0.5545896190232678,0.6322693484914735,0.8157346971041117,0.6202520805429377,0.0859516865679854,0.4454103809767323,16611,1562,3484,4338,25,0.8248613857547207,0.7670859575290072,0.92011934249043,0.7764650283553876,0.6140525725675844,0.6857739130434782,0.8620359078865416,0.722292049823881,0.0798806575095699,0.3859474274324156,16345,1419,3098,4929,25,0.0434782608695652,7392.507246376812,0.8531775864987001,0.8460494598200577,0.8255254238174452,0.6113380042357864,0.7216459595907864,0.6473231353678145,0.8720389843531945,0.7879718785287633,0.1744745761825549,0.1334265041773296
fedavg,wavegan_lite,90_synthetic_10_original,10,gen_syntdata/experiments_gans_falls/full_data_full_results/fedavg/wavegan_lite/90_synthetic_10_original/seed_10/run_20260825_084644,0.7938449701865743,0.7309501749872596,0.8889011170417652,0.6894323950161514,0.5729992329327538,0.6258465405292187,0.8139257000141106,0.6059469468220806,0.1110988829582347,0.4270007670672462,16154,2019,3340,4482,25,0.8239308285836144,0.770439303070444,0.912125647376717,0.763771186440678,0.6287529587641709,0.6897164332080629,0.8557414184232472,0.6865563223277417,0.087874352623283,0.3712470412358291,16203,1561,2980,5047,25,0.0434782608695652,7386.753623188406,0.8511759174437092,0.8434930889666575,0.8225693627691584,0.609274344314521,0.7194892789322728,0.6437658839098153,0.8702076134583482,0.7899716209333347,0.1774306372308416,0.1355831848358432
